bin_id,timestamp,fill_pct
BIN-001,2026-09-14 16:00:00,22.4
BIN-001,2026-09-14 17:00:00,23.3
BIN-001,2026-09-14 18:00:00,24.1
BIN-001,2026-09-14 19:00:00,24.8
BIN-001,2026-09-14 20:00:00,25.9
BIN-001,2026-09-14 21:00:00,26.9
BIN-001,2026-09-14 22:00:00,27.9
BIN-001,2026-09-14 23:00:00,28.7
BIN-001,2026-09-15 00:00:00,29.9
BIN-001,2026-09-15 01:00:00,31.0
BIN-001,2026-09-15 02:00:00,31.9
BIN-001,2026-09-15 03:00:00,32.8
BIN-001,2026-09-15 04:00:00,33.7
BIN-001,2026-09-15 05:00:00,34.6
BIN-001,2026-09-15 06:00:00,35.6
BIN-001,2026-09-15 07:00:00,36.4
BIN-001,2026-09-15 08:00:00,37.5
BIN-001,2026-09-15 09:00:00,38.4
BIN-001,2026-09-15 10:00:00,39.3
BIN-001,2026-09-15 11:00:00,40.5
BIN-001,2026-09-15 12:00:00,41.4
BIN-001,2026-09-15 13:00:00,42.1
BIN-001,2026-09-15 14:00:00,43.2
BIN-001,2026-09-15 15:00:00,43.8
BIN-001,2026-09-15 16:00:00,44.8
BIN-001,2026-09-15 17:00:00,45.9
BIN-001,2026-09-15 18:00:00,46.9
BIN-001,2026-09-15 19:00:00,47.9
BIN-001,2026-09-15 20:00:00,48.6
BIN-001,2026-09-15 21:00:00,49.6
BIN-001,2026-09-15 22:00:00,50.6
BIN-001,2026-09-15 23:00:00,51.4
BIN-001,2026-09-16 00:00:00,52.7
BIN-001,2026-09-16 01:00:00,53.5
BIN-001,2026-09-16 02:00:00,54.2
BIN-001,2026-09-16 03:00:00,54.9
BIN-001,2026-09-16 04:00:00,55.9
BIN-001,2026-09-16 05:00:00,56.9
BIN-001,2026-09-16 06:00:00,57.9
BIN-001,2026-09-16 07:00:00,58.9
BIN-001,2026-09-16 08:00:00,59.7
BIN-001,2026-09-16 09:00:00,60.8
BIN-001,2026-09-16 10:00:00,61.7
BIN-001,2026-09-16 11:00:00,62.4
BIN-001,2026-09-16 12:00:00,63.6
BIN-001,2026-09-16 13:00:00,64.6
BIN-001,2026-09-16 14:00:00,65.7
BIN-001,2026-09-16 15:00:00,66.7
BIN-001,2026-09-16 16:00:00,67.6
BIN-001,2026-09-16 17:00:00,68.5
BIN-001,2026-09-16 18:00:00,69.6
BIN-001,2026-09-16 19:00:00,70.4
BIN-001,2026-09-16 20:00:00,71.5
BIN-001,2026-09-16 21:00:00,72.4
BIN-001,2026-09-16 22:00:00,73.2
BIN-001,2026-09-16 23:00:00,74.3
BIN-001,2026-09-17 00:00:00,75.1
BIN-001,2026-09-17 01:00:00,76.1
BIN-001,2026-09-17 02:00:00,77.1
BIN-001,2026-09-17 03:00:00,78.2
BIN-001,2026-09-17 04:00:00,79.0
BIN-001,2026-09-17 05:00:00,79.9
BIN-001,2026-09-17 06:00:00,80.9
BIN-001,2026-09-17 07:00:00,81.9
BIN-001,2026-09-17 08:00:00,83.0
BIN-001,2026-09-17 09:00:00,84.0
BIN-001,2026-09-17 10:00:00,85.0
BIN-001,2026-09-17 11:00:00,86.1
BIN-001,2026-09-17 12:00:00,87.4
BIN-001,2026-09-17 13:00:00,88.1
BIN-001,2026-09-17 14:00:00,89.1
BIN-001,2026-09-17 15:00:00,90.2
BIN-002,2026-09-14 16:00:00,22.6
BIN-002,2026-09-14 17:00:00,23.2
BIN-002,2026-09-14 18:00:00,24.1
BIN-002,2026-09-14 19:00:00,24.5
BIN-002,2026-09-14 20:00:00,25.2
BIN-002,2026-09-14 21:00:00,26.3
BIN-002,2026-09-14 22:00:00,27.0
BIN-002,2026-09-14 23:00:00,27.8
BIN-002,2026-09-15 00:00:00,28.5
BIN-002,2026-09-15 01:00:00,29.2
BIN-002,2026-09-15 02:00:00,30.0
BIN-002,2026-09-15 03:00:00,30.9
BIN-002,2026-09-15 04:00:00,31.6
BIN-002,2026-09-15 05:00:00,32.0
BIN-002,2026-09-15 06:00:00,32.8
BIN-002,2026-09-15 07:00:00,33.8
BIN-002,2026-09-15 08:00:00,34.5
BIN-002,2026-09-15 09:00:00,35.0
BIN-002,2026-09-15 10:00:00,35.6
BIN-002,2026-09-15 11:00:00,36.5
BIN-002,2026-09-15 12:00:00,37.2
BIN-002,2026-09-15 13:00:00,37.9
BIN-002,2026-09-15 14:00:00,38.4
BIN-002,2026-09-15 15:00:00,39.1
BIN-002,2026-09-15 16:00:00,40.0
BIN-002,2026-09-15 17:00:00,40.7
BIN-002,2026-09-15 18:00:00,41.3
BIN-002,2026-09-15 19:00:00,42.2
BIN-002,2026-09-15 20:00:00,43.1
BIN-002,2026-09-15 21:00:00,43.8
BIN-002,2026-09-15 22:00:00,44.5
BIN-002,2026-09-15 23:00:00,45.4
BIN-002,2026-09-16 00:00:00,46.1
BIN-002,2026-09-16 01:00:00,46.8
BIN-002,2026-09-16 02:00:00,47.8
BIN-002,2026-09-16 03:00:00,48.6
BIN-002,2026-09-16 04:00:00,49.3
BIN-002,2026-09-16 05:00:00,49.8
BIN-002,2026-09-16 06:00:00,50.6
BIN-002,2026-09-16 07:00:00,51.3
BIN-002,2026-09-16 08:00:00,52.0
BIN-002,2026-09-16 09:00:00,52.9
BIN-002,2026-09-16 10:00:00,53.5
BIN-002,2026-09-16 11:00:00,54.1
BIN-002,2026-09-16 12:00:00,54.7
BIN-002,2026-09-16 13:00:00,55.5
BIN-002,2026-09-16 14:00:00,56.1
BIN-002,2026-09-16 15:00:00,56.7
BIN-002,2026-09-16 16:00:00,57.4
BIN-002,2026-09-16 17:00:00,58.1
BIN-002,2026-09-16 18:00:00,58.8
BIN-002,2026-09-16 19:00:00,59.6
BIN-002,2026-09-16 20:00:00,60.1
BIN-002,2026-09-16 21:00:00,60.9
BIN-002,2026-09-16 22:00:00,61.6
BIN-002,2026-09-16 23:00:00,62.4
BIN-002,2026-09-17 00:00:00,63.4
BIN-002,2026-09-17 01:00:00,64.1
BIN-002,2026-09-17 02:00:00,64.9
BIN-002,2026-09-17 03:00:00,65.7
BIN-002,2026-09-17 04:00:00,66.3
BIN-002,2026-09-17 05:00:00,67.2
BIN-002,2026-09-17 06:00:00,68.0
BIN-002,2026-09-17 07:00:00,68.7
BIN-002,2026-09-17 08:00:00,69.6
BIN-002,2026-09-17 09:00:00,70.3
BIN-002,2026-09-17 10:00:00,71.0
BIN-002,2026-09-17 11:00:00,71.6
BIN-002,2026-09-17 12:00:00,72.5
BIN-002,2026-09-17 13:00:00,73.4
BIN-002,2026-09-17 14:00:00,74.1
BIN-002,2026-09-17 15:00:00,74.9
BIN-003,2026-09-14 16:00:00,21.8
BIN-003,2026-09-14 17:00:00,23.0
BIN-003,2026-09-14 18:00:00,24.1
BIN-003,2026-09-14 19:00:00,25.4
BIN-003,2026-09-14 20:00:00,27.0
BIN-003,2026-09-14 21:00:00,28.4
BIN-003,2026-09-14 22:00:00,29.7
BIN-003,2026-09-14 23:00:00,31.3
BIN-003,2026-09-15 00:00:00,32.7
BIN-003,2026-09-15 01:00:00,34.4
BIN-003,2026-09-15 02:00:00,35.5
BIN-003,2026-09-15 03:00:00,37.5
BIN-003,2026-09-15 04:00:00,38.8
BIN-003,2026-09-15 05:00:00,39.9
BIN-003,2026-09-15 06:00:00,41.0
BIN-003,2026-09-15 07:00:00,42.5
BIN-003,2026-09-15 08:00:00,44.1
BIN-003,2026-09-15 09:00:00,45.6
BIN-003,2026-09-15 10:00:00,47.0
BIN-003,2026-09-15 11:00:00,48.2
BIN-003,2026-09-15 12:00:00,49.5
BIN-003,2026-09-15 13:00:00,50.3
BIN-003,2026-09-15 14:00:00,51.5
BIN-003,2026-09-15 15:00:00,53.0
BIN-003,2026-09-15 16:00:00,54.0
BIN-003,2026-09-15 17:00:00,55.8
BIN-003,2026-09-15 18:00:00,57.4
BIN-003,2026-09-15 19:00:00,58.5
BIN-003,2026-09-15 20:00:00,60.0
BIN-003,2026-09-15 21:00:00,61.5
BIN-003,2026-09-15 22:00:00,62.8
BIN-003,2026-09-15 23:00:00,64.2
BIN-003,2026-09-16 00:00:00,65.5
BIN-003,2026-09-16 01:00:00,66.9
BIN-003,2026-09-16 02:00:00,68.3
BIN-003,2026-09-16 03:00:00,69.8
BIN-003,2026-09-16 04:00:00,71.2
BIN-003,2026-09-16 05:00:00,72.6
BIN-003,2026-09-16 06:00:00,74.2
BIN-003,2026-09-16 07:00:00,75.7
BIN-003,2026-09-16 08:00:00,76.8
BIN-003,2026-09-16 09:00:00,78.0
BIN-003,2026-09-16 10:00:00,79.7
BIN-003,2026-09-16 11:00:00,81.4
BIN-003,2026-09-16 12:00:00,82.8
BIN-003,2026-09-16 13:00:00,84.1
BIN-003,2026-09-16 14:00:00,85.7
BIN-003,2026-09-16 15:00:00,87.2
BIN-003,2026-09-16 16:00:00,88.2
BIN-003,2026-09-16 17:00:00,89.6
BIN-003,2026-09-16 18:00:00,90.6
BIN-003,2026-09-16 19:00:00,9.2
BIN-003,2026-09-16 20:00:00,10.9
BIN-003,2026-09-16 21:00:00,11.8
BIN-003,2026-09-16 22:00:00,13.1
BIN-003,2026-09-16 23:00:00,14.6
BIN-003,2026-09-17 00:00:00,16.1
BIN-003,2026-09-17 01:00:00,17.7
BIN-003,2026-09-17 02:00:00,18.8
BIN-003,2026-09-17 03:00:00,20.2
BIN-003,2026-09-17 04:00:00,21.4
BIN-003,2026-09-17 05:00:00,23.0
BIN-003,2026-09-17 06:00:00,24.4
BIN-003,2026-09-17 07:00:00,25.7
BIN-003,2026-09-17 08:00:00,27.1
BIN-003,2026-09-17 09:00:00,28.2
BIN-003,2026-09-17 10:00:00,29.7
BIN-003,2026-09-17 11:00:00,30.8
BIN-003,2026-09-17 12:00:00,32.2
BIN-003,2026-09-17 13:00:00,33.4
BIN-003,2026-09-17 14:00:00,35.0
BIN-003,2026-09-17 15:00:00,36.4
BIN-004,2026-09-14 16:00:00,8.4
BIN-004,2026-09-14 17:00:00,9.0
BIN-004,2026-09-14 18:00:00,9.7
BIN-004,2026-09-14 19:00:00,10.3
BIN-004,2026-09-14 20:00:00,11.0
BIN-004,2026-09-14 21:00:00,11.5
BIN-004,2026-09-14 22:00:00,12.1
BIN-004,2026-09-14 23:00:00,12.8
BIN-004,2026-09-15 00:00:00,13.4
BIN-004,2026-09-15 01:00:00,13.9
BIN-004,2026-09-15 02:00:00,14.5
BIN-004,2026-09-15 03:00:00,15.1
BIN-004,2026-09-15 04:00:00,15.6
BIN-004,2026-09-15 05:00:00,16.1
BIN-004,2026-09-15 06:00:00,16.8
BIN-004,2026-09-15 07:00:00,17.4
BIN-004,2026-09-15 08:00:00,18.2
BIN-004,2026-09-15 09:00:00,18.8
BIN-004,2026-09-15 10:00:00,19.3
BIN-004,2026-09-15 11:00:00,19.9
BIN-004,2026-09-15 12:00:00,20.4
BIN-004,2026-09-15 13:00:00,20.9
BIN-004,2026-09-15 14:00:00,21.5
BIN-004,2026-09-15 15:00:00,22.0
BIN-004,2026-09-15 16:00:00,22.5
BIN-004,2026-09-15 17:00:00,23.0
BIN-004,2026-09-15 18:00:00,23.6
BIN-004,2026-09-15 19:00:00,24.2
BIN-004,2026-09-15 20:00:00,24.7
BIN-004,2026-09-15 21:00:00,25.4
BIN-004,2026-09-15 22:00:00,26.1
BIN-004,2026-09-15 23:00:00,26.7
BIN-004,2026-09-16 00:00:00,27.3
BIN-004,2026-09-16 01:00:00,28.1
BIN-004,2026-09-16 02:00:00,28.7
BIN-004,2026-09-16 03:00:00,29.2
BIN-004,2026-09-16 04:00:00,29.8
BIN-004,2026-09-16 05:00:00,30.5
BIN-004,2026-09-16 06:00:00,31.1
BIN-004,2026-09-16 07:00:00,31.7
BIN-004,2026-09-16 08:00:00,32.3
BIN-004,2026-09-16 09:00:00,32.8
BIN-004,2026-09-16 10:00:00,33.3
BIN-004,2026-09-16 11:00:00,33.8
BIN-004,2026-09-16 12:00:00,34.4
BIN-004,2026-09-16 13:00:00,35.0
BIN-004,2026-09-16 14:00:00,35.5
BIN-004,2026-09-16 15:00:00,36.1
BIN-004,2026-09-16 16:00:00,36.6
BIN-004,2026-09-16 17:00:00,37.1
BIN-004,2026-09-16 18:00:00,37.7
BIN-004,2026-09-16 19:00:00,38.3
BIN-004,2026-09-16 20:00:00,38.9
BIN-004,2026-09-16 21:00:00,39.4
BIN-004,2026-09-16 22:00:00,40.0
BIN-004,2026-09-16 23:00:00,40.6
BIN-004,2026-09-17 00:00:00,41.1
BIN-004,2026-09-17 01:00:00,41.7
BIN-004,2026-09-17 02:00:00,42.1
BIN-004,2026-09-17 03:00:00,42.8
BIN-004,2026-09-17 04:00:00,43.3
BIN-004,2026-09-17 05:00:00,44.1
BIN-004,2026-09-17 06:00:00,44.7
BIN-004,2026-09-17 07:00:00,45.3
BIN-004,2026-09-17 08:00:00,45.8
BIN-004,2026-09-17 09:00:00,46.4
BIN-004,2026-09-17 10:00:00,47.0
BIN-004,2026-09-17 11:00:00,47.6
BIN-004,2026-09-17 12:00:00,48.3
BIN-004,2026-09-17 13:00:00,48.8
BIN-004,2026-09-17 14:00:00,49.5
BIN-004,2026-09-17 15:00:00,50.0
BIN-005,2026-09-14 16:00:00,29.0
BIN-005,2026-09-14 17:00:00,30.4
BIN-005,2026-09-14 18:00:00,31.9
BIN-005,2026-09-14 19:00:00,33.8
BIN-005,2026-09-14 20:00:00,35.4
BIN-005,2026-09-14 21:00:00,36.8
BIN-005,2026-09-14 22:00:00,38.6
BIN-005,2026-09-14 23:00:00,39.9
BIN-005,2026-09-15 00:00:00,41.3
BIN-005,2026-09-15 01:00:00,43.1
BIN-005,2026-09-15 02:00:00,44.5
BIN-005,2026-09-15 03:00:00,46.1
BIN-005,2026-09-15 04:00:00,47.6
BIN-005,2026-09-15 05:00:00,49.5
BIN-005,2026-09-15 06:00:00,50.7
BIN-005,2026-09-15 07:00:00,52.1
BIN-005,2026-09-15 08:00:00,53.6
BIN-005,2026-09-15 09:00:00,55.2
BIN-005,2026-09-15 10:00:00,56.9
BIN-005,2026-09-15 11:00:00,58.5
BIN-005,2026-09-15 12:00:00,60.4
BIN-005,2026-09-15 13:00:00,62.1
BIN-005,2026-09-15 14:00:00,63.3
BIN-005,2026-09-15 15:00:00,64.6
BIN-005,2026-09-15 16:00:00,66.0
BIN-005,2026-09-15 17:00:00,67.4
BIN-005,2026-09-15 18:00:00,68.8
BIN-005,2026-09-15 19:00:00,70.6
BIN-005,2026-09-15 20:00:00,72.0
BIN-005,2026-09-15 21:00:00,73.8
BIN-005,2026-09-15 22:00:00,75.6
BIN-005,2026-09-15 23:00:00,77.2
BIN-005,2026-09-16 00:00:00,78.6
BIN-005,2026-09-16 01:00:00,80.4
BIN-005,2026-09-16 02:00:00,81.8
BIN-005,2026-09-16 03:00:00,83.4
BIN-005,2026-09-16 04:00:00,85.0
BIN-005,2026-09-16 05:00:00,86.8
BIN-005,2026-09-16 06:00:00,88.5
BIN-005,2026-09-16 07:00:00,90.0
BIN-005,2026-09-16 08:00:00,8.2
BIN-005,2026-09-16 09:00:00,9.9
BIN-005,2026-09-16 10:00:00,11.4
BIN-005,2026-09-16 11:00:00,13.0
BIN-005,2026-09-16 12:00:00,14.2
BIN-005,2026-09-16 13:00:00,15.7
BIN-005,2026-09-16 14:00:00,17.0
BIN-005,2026-09-16 15:00:00,18.7
BIN-005,2026-09-16 16:00:00,20.8
BIN-005,2026-09-16 17:00:00,22.3
BIN-005,2026-09-16 18:00:00,24.0
BIN-005,2026-09-16 19:00:00,25.8
BIN-005,2026-09-16 20:00:00,27.0
BIN-005,2026-09-16 21:00:00,28.8
BIN-005,2026-09-16 22:00:00,30.2
BIN-005,2026-09-16 23:00:00,31.7
BIN-005,2026-09-17 00:00:00,33.4
BIN-005,2026-09-17 01:00:00,34.8
BIN-005,2026-09-17 02:00:00,36.2
BIN-005,2026-09-17 03:00:00,37.9
BIN-005,2026-09-17 04:00:00,39.8
BIN-005,2026-09-17 05:00:00,41.3
BIN-005,2026-09-17 06:00:00,43.0
BIN-005,2026-09-17 07:00:00,44.2
BIN-005,2026-09-17 08:00:00,45.8
BIN-005,2026-09-17 09:00:00,47.4
BIN-005,2026-09-17 10:00:00,48.7
BIN-005,2026-09-17 11:00:00,50.4
BIN-005,2026-09-17 12:00:00,52.0
BIN-005,2026-09-17 13:00:00,53.6
BIN-005,2026-09-17 14:00:00,55.5
BIN-005,2026-09-17 15:00:00,57.3
BIN-006,2026-09-14 16:00:00,21.4
BIN-006,2026-09-14 17:00:00,23.9
BIN-006,2026-09-14 18:00:00,26.0
BIN-006,2026-09-14 19:00:00,28.9
BIN-006,2026-09-14 20:00:00,31.6
BIN-006,2026-09-14 21:00:00,33.5
BIN-006,2026-09-14 22:00:00,35.5
BIN-006,2026-09-14 23:00:00,37.3
BIN-006,2026-09-15 00:00:00,39.7
BIN-006,2026-09-15 01:00:00,41.8
BIN-006,2026-09-15 02:00:00,43.8
BIN-006,2026-09-15 03:00:00,45.6
BIN-006,2026-09-15 04:00:00,48.2
BIN-006,2026-09-15 05:00:00,50.2
BIN-006,2026-09-15 06:00:00,52.1
BIN-006,2026-09-15 07:00:00,53.7
BIN-006,2026-09-15 08:00:00,56.1
BIN-006,2026-09-15 09:00:00,58.4
BIN-006,2026-09-15 10:00:00,60.9
BIN-006,2026-09-15 11:00:00,63.7
BIN-006,2026-09-15 12:00:00,66.0
BIN-006,2026-09-15 13:00:00,68.1
BIN-006,2026-09-15 14:00:00,69.8
BIN-006,2026-09-15 15:00:00,72.1
BIN-006,2026-09-15 16:00:00,74.5
BIN-006,2026-09-15 17:00:00,76.8
BIN-006,2026-09-15 18:00:00,78.4
BIN-006,2026-09-15 19:00:00,81.1
BIN-006,2026-09-15 20:00:00,83.5
BIN-006,2026-09-15 21:00:00,85.7
BIN-006,2026-09-15 22:00:00,87.8
BIN-006,2026-09-15 23:00:00,89.4
BIN-006,2026-09-16 00:00:00,91.8
BIN-006,2026-09-16 01:00:00,4.1
BIN-006,2026-09-16 02:00:00,7.0
BIN-006,2026-09-16 03:00:00,9.8
BIN-006,2026-09-16 04:00:00,12.3
BIN-006,2026-09-16 05:00:00,14.5
BIN-006,2026-09-16 06:00:00,16.4
BIN-006,2026-09-16 07:00:00,18.6
BIN-006,2026-09-16 08:00:00,21.0
BIN-006,2026-09-16 09:00:00,23.2
BIN-006,2026-09-16 10:00:00,25.5
BIN-006,2026-09-16 11:00:00,27.8
BIN-006,2026-09-16 12:00:00,29.7
BIN-006,2026-09-16 13:00:00,32.2
BIN-006,2026-09-16 14:00:00,34.8
BIN-006,2026-09-16 15:00:00,36.9
BIN-006,2026-09-16 16:00:00,38.9
BIN-006,2026-09-16 17:00:00,41.9
BIN-006,2026-09-16 18:00:00,44.5
BIN-006,2026-09-16 19:00:00,46.0
BIN-006,2026-09-16 20:00:00,48.2
BIN-006,2026-09-16 21:00:00,50.1
BIN-006,2026-09-16 22:00:00,52.0
BIN-006,2026-09-16 23:00:00,54.0
BIN-006,2026-09-17 00:00:00,56.3
BIN-006,2026-09-17 01:00:00,58.5
BIN-006,2026-09-17 02:00:00,60.3
BIN-006,2026-09-17 03:00:00,62.2
BIN-006,2026-09-17 04:00:00,63.8
BIN-006,2026-09-17 05:00:00,66.0
BIN-006,2026-09-17 06:00:00,68.3
BIN-006,2026-09-17 07:00:00,70.9
BIN-006,2026-09-17 08:00:00,73.4
BIN-006,2026-09-17 09:00:00,75.7
BIN-006,2026-09-17 10:00:00,77.8
BIN-006,2026-09-17 11:00:00,80.8
BIN-006,2026-09-17 12:00:00,82.8
BIN-006,2026-09-17 13:00:00,84.5
BIN-006,2026-09-17 14:00:00,86.6
BIN-006,2026-09-17 15:00:00,89.0
BIN-007,2026-09-14 16:00:00,11.0
BIN-007,2026-09-14 17:00:00,14.2
BIN-007,2026-09-14 18:00:00,18.8
BIN-007,2026-09-14 19:00:00,22.6
BIN-007,2026-09-14 20:00:00,26.1
BIN-007,2026-09-14 21:00:00,29.7
BIN-007,2026-09-14 22:00:00,33.9
BIN-007,2026-09-14 23:00:00,36.9
BIN-007,2026-09-15 00:00:00,42.0
BIN-007,2026-09-15 01:00:00,46.0
BIN-007,2026-09-15 02:00:00,50.2
BIN-007,2026-09-15 03:00:00,55.0
BIN-007,2026-09-15 04:00:00,58.6
BIN-007,2026-09-15 05:00:00,62.8
BIN-007,2026-09-15 06:00:00,66.9
BIN-007,2026-09-15 07:00:00,71.3
BIN-007,2026-09-15 08:00:00,77.0
BIN-007,2026-09-15 09:00:00,80.5
BIN-007,2026-09-15 10:00:00,84.6
BIN-007,2026-09-15 11:00:00,90.0
BIN-007,2026-09-15 12:00:00,9.8
BIN-007,2026-09-15 13:00:00,14.0
BIN-007,2026-09-15 14:00:00,18.8
BIN-007,2026-09-15 15:00:00,23.3
BIN-007,2026-09-15 16:00:00,27.6
BIN-007,2026-09-15 17:00:00,31.2
BIN-007,2026-09-15 18:00:00,35.2
BIN-007,2026-09-15 19:00:00,39.8
BIN-007,2026-09-15 20:00:00,43.7
BIN-007,2026-09-15 21:00:00,47.2
BIN-007,2026-09-15 22:00:00,50.7
BIN-007,2026-09-15 23:00:00,55.7
BIN-007,2026-09-16 00:00:00,60.8
BIN-007,2026-09-16 01:00:00,64.5
BIN-007,2026-09-16 02:00:00,68.7
BIN-007,2026-09-16 03:00:00,73.6
BIN-007,2026-09-16 04:00:00,77.9
BIN-007,2026-09-16 05:00:00,82.1
BIN-007,2026-09-16 06:00:00,86.6
BIN-007,2026-09-16 07:00:00,90.0
BIN-007,2026-09-16 08:00:00,6.9
BIN-007,2026-09-16 09:00:00,11.2
BIN-007,2026-09-16 10:00:00,15.6
BIN-007,2026-09-16 11:00:00,19.8
BIN-007,2026-09-16 12:00:00,23.1
BIN-007,2026-09-16 13:00:00,27.5
BIN-007,2026-09-16 14:00:00,32.5
BIN-007,2026-09-16 15:00:00,36.9
BIN-007,2026-09-16 16:00:00,41.5
BIN-007,2026-09-16 17:00:00,45.1
BIN-007,2026-09-16 18:00:00,49.1
BIN-007,2026-09-16 19:00:00,52.9
BIN-007,2026-09-16 20:00:00,56.8
BIN-007,2026-09-16 21:00:00,60.5
BIN-007,2026-09-16 22:00:00,65.0
BIN-007,2026-09-16 23:00:00,69.5
BIN-007,2026-09-17 00:00:00,74.2
BIN-007,2026-09-17 01:00:00,79.4
BIN-007,2026-09-17 02:00:00,83.7
BIN-007,2026-09-17 03:00:00,88.1
BIN-007,2026-09-17 04:00:00,92.4
BIN-007,2026-09-17 05:00:00,7.4
BIN-007,2026-09-17 06:00:00,11.8
BIN-007,2026-09-17 07:00:00,15.7
BIN-007,2026-09-17 08:00:00,19.8
BIN-007,2026-09-17 09:00:00,23.1
BIN-007,2026-09-17 10:00:00,27.4
BIN-007,2026-09-17 11:00:00,31.3
BIN-007,2026-09-17 12:00:00,35.6
BIN-007,2026-09-17 13:00:00,39.9
BIN-007,2026-09-17 14:00:00,43.0
BIN-007,2026-09-17 15:00:00,47.8
BIN-008,2026-09-14 16:00:00,11.9
BIN-008,2026-09-14 17:00:00,14.0
BIN-008,2026-09-14 18:00:00,16.8
BIN-008,2026-09-14 19:00:00,19.1
BIN-008,2026-09-14 20:00:00,21.8
BIN-008,2026-09-14 21:00:00,24.3
BIN-008,2026-09-14 22:00:00,26.6
BIN-008,2026-09-14 23:00:00,28.7
BIN-008,2026-09-15 00:00:00,30.9
BIN-008,2026-09-15 01:00:00,33.2
BIN-008,2026-09-15 02:00:00,35.7
BIN-008,2026-09-15 03:00:00,37.8
BIN-008,2026-09-15 04:00:00,40.6
BIN-008,2026-09-15 05:00:00,43.1
BIN-008,2026-09-15 06:00:00,45.0
BIN-008,2026-09-15 07:00:00,47.9
BIN-008,2026-09-15 08:00:00,49.7
BIN-008,2026-09-15 09:00:00,52.2
BIN-008,2026-09-15 10:00:00,54.3
BIN-008,2026-09-15 11:00:00,57.2
BIN-008,2026-09-15 12:00:00,59.9
BIN-008,2026-09-15 13:00:00,61.8
BIN-008,2026-09-15 14:00:00,64.5
BIN-008,2026-09-15 15:00:00,66.2
BIN-008,2026-09-15 16:00:00,68.8
BIN-008,2026-09-15 17:00:00,71.1
BIN-008,2026-09-15 18:00:00,73.2
BIN-008,2026-09-15 19:00:00,75.9
BIN-008,2026-09-15 20:00:00,78.5
BIN-008,2026-09-15 21:00:00,80.9
BIN-008,2026-09-15 22:00:00,83.4
BIN-008,2026-09-15 23:00:00,85.9
BIN-008,2026-09-16 00:00:00,88.1
BIN-008,2026-09-16 01:00:00,90.6
BIN-008,2026-09-16 02:00:00,6.0
BIN-008,2026-09-16 03:00:00,8.5
BIN-008,2026-09-16 04:00:00,11.0
BIN-008,2026-09-16 05:00:00,13.1
BIN-008,2026-09-16 06:00:00,15.1
BIN-008,2026-09-16 07:00:00,17.9
BIN-008,2026-09-16 08:00:00,20.1
BIN-008,2026-09-16 09:00:00,22.2
BIN-008,2026-09-16 10:00:00,24.2
BIN-008,2026-09-16 11:00:00,26.9
BIN-008,2026-09-16 12:00:00,28.4
BIN-008,2026-09-16 13:00:00,30.7
BIN-008,2026-09-16 14:00:00,32.8
BIN-008,2026-09-16 15:00:00,35.1
BIN-008,2026-09-16 16:00:00,37.7
BIN-008,2026-09-16 17:00:00,39.9
BIN-008,2026-09-16 18:00:00,42.1
BIN-008,2026-09-16 19:00:00,43.8
BIN-008,2026-09-16 20:00:00,46.0
BIN-008,2026-09-16 21:00:00,48.0
BIN-008,2026-09-16 22:00:00,50.4
BIN-008,2026-09-16 23:00:00,52.7
BIN-008,2026-09-17 00:00:00,54.9
BIN-008,2026-09-17 01:00:00,57.3
BIN-008,2026-09-17 02:00:00,59.3
BIN-008,2026-09-17 03:00:00,61.2
BIN-008,2026-09-17 04:00:00,62.7
BIN-008,2026-09-17 05:00:00,65.0
BIN-008,2026-09-17 06:00:00,67.4
BIN-008,2026-09-17 07:00:00,69.7
BIN-008,2026-09-17 08:00:00,71.8
BIN-008,2026-09-17 09:00:00,74.5
BIN-008,2026-09-17 10:00:00,76.6
BIN-008,2026-09-17 11:00:00,79.6
BIN-008,2026-09-17 12:00:00,81.8
BIN-008,2026-09-17 13:00:00,83.9
BIN-008,2026-09-17 14:00:00,86.1
BIN-008,2026-09-17 15:00:00,88.4
BIN-009,2026-09-14 16:00:00,17.1
BIN-009,2026-09-14 17:00:00,18.9
BIN-009,2026-09-14 18:00:00,20.9
BIN-009,2026-09-14 19:00:00,22.9
BIN-009,2026-09-14 20:00:00,24.8
BIN-009,2026-09-14 21:00:00,27.1
BIN-009,2026-09-14 22:00:00,28.8
BIN-009,2026-09-14 23:00:00,30.4
BIN-009,2026-09-15 00:00:00,31.9
BIN-009,2026-09-15 01:00:00,33.6
BIN-009,2026-09-15 02:00:00,34.8
BIN-009,2026-09-15 03:00:00,36.8
BIN-009,2026-09-15 04:00:00,38.4
BIN-009,2026-09-15 05:00:00,40.3
BIN-009,2026-09-15 06:00:00,42.2
BIN-009,2026-09-15 07:00:00,43.7
BIN-009,2026-09-15 08:00:00,46.0
BIN-009,2026-09-15 09:00:00,47.6
BIN-009,2026-09-15 10:00:00,49.1
BIN-009,2026-09-15 11:00:00,50.8
BIN-009,2026-09-15 12:00:00,52.7
BIN-009,2026-09-15 13:00:00,54.2
BIN-009,2026-09-15 14:00:00,56.2
BIN-009,2026-09-15 15:00:00,58.1
BIN-009,2026-09-15 16:00:00,59.8
BIN-009,2026-09-15 17:00:00,61.3
BIN-009,2026-09-15 18:00:00,63.1
BIN-009,2026-09-15 19:00:00,64.8
BIN-009,2026-09-15 20:00:00,66.1
BIN-009,2026-09-15 21:00:00,67.9
BIN-009,2026-09-15 22:00:00,69.5
BIN-009,2026-09-15 23:00:00,71.2
BIN-009,2026-09-16 00:00:00,72.7
BIN-009,2026-09-16 01:00:00,74.4
BIN-009,2026-09-16 02:00:00,76.1
BIN-009,2026-09-16 03:00:00,77.7
BIN-009,2026-09-16 04:00:00,79.4
BIN-009,2026-09-16 05:00:00,81.0
BIN-009,2026-09-16 06:00:00,83.1
BIN-009,2026-09-16 07:00:00,85.0
BIN-009,2026-09-16 08:00:00,86.9
BIN-009,2026-09-16 09:00:00,89.0
BIN-009,2026-09-16 10:00:00,90.7
BIN-009,2026-09-16 11:00:00,4.8
BIN-009,2026-09-16 12:00:00,6.4
BIN-009,2026-09-16 13:00:00,8.5
BIN-009,2026-09-16 14:00:00,10.1
BIN-009,2026-09-16 15:00:00,12.5
BIN-009,2026-09-16 16:00:00,14.9
BIN-009,2026-09-16 17:00:00,16.1
BIN-009,2026-09-16 18:00:00,18.1
BIN-009,2026-09-16 19:00:00,19.7
BIN-009,2026-09-16 20:00:00,21.6
BIN-009,2026-09-16 21:00:00,23.5
BIN-009,2026-09-16 22:00:00,24.6
BIN-009,2026-09-16 23:00:00,26.4
BIN-009,2026-09-17 00:00:00,28.5
BIN-009,2026-09-17 01:00:00,30.4
BIN-009,2026-09-17 02:00:00,32.7
BIN-009,2026-09-17 03:00:00,34.2
BIN-009,2026-09-17 04:00:00,36.5
BIN-009,2026-09-17 05:00:00,38.3
BIN-009,2026-09-17 06:00:00,39.8
BIN-009,2026-09-17 07:00:00,41.7
BIN-009,2026-09-17 08:00:00,43.9
BIN-009,2026-09-17 09:00:00,45.8
BIN-009,2026-09-17 10:00:00,47.6
BIN-009,2026-09-17 11:00:00,49.4
BIN-009,2026-09-17 12:00:00,50.6
BIN-009,2026-09-17 13:00:00,53.0
BIN-009,2026-09-17 14:00:00,55.3
BIN-009,2026-09-17 15:00:00,57.5
BIN-010,2026-09-14 16:00:00,25.5
BIN-010,2026-09-14 17:00:00,29.5
BIN-010,2026-09-14 18:00:00,34.6
BIN-010,2026-09-14 19:00:00,39.3
BIN-010,2026-09-14 20:00:00,42.7
BIN-010,2026-09-14 21:00:00,46.6
BIN-010,2026-09-14 22:00:00,51.0
BIN-010,2026-09-14 23:00:00,54.8
BIN-010,2026-09-15 00:00:00,59.4
BIN-010,2026-09-15 01:00:00,64.8
BIN-010,2026-09-15 02:00:00,70.2
BIN-010,2026-09-15 03:00:00,74.8
BIN-010,2026-09-15 04:00:00,78.4
BIN-010,2026-09-15 05:00:00,83.2
BIN-010,2026-09-15 06:00:00,86.6
BIN-010,2026-09-15 07:00:00,90.5
BIN-010,2026-09-15 08:00:00,7.4
BIN-010,2026-09-15 09:00:00,11.7
BIN-010,2026-09-15 10:00:00,16.6
BIN-010,2026-09-15 11:00:00,20.9
BIN-010,2026-09-15 12:00:00,24.1
BIN-010,2026-09-15 13:00:00,28.6
BIN-010,2026-09-15 14:00:00,33.3
BIN-010,2026-09-15 15:00:00,38.0
BIN-010,2026-09-15 16:00:00,41.7
BIN-010,2026-09-15 17:00:00,45.8
BIN-010,2026-09-15 18:00:00,49.7
BIN-010,2026-09-15 19:00:00,54.4
BIN-010,2026-09-15 20:00:00,57.4
BIN-010,2026-09-15 21:00:00,61.3
BIN-010,2026-09-15 22:00:00,66.3
BIN-010,2026-09-15 23:00:00,70.2
BIN-010,2026-09-16 00:00:00,75.2
BIN-010,2026-09-16 01:00:00,79.8
BIN-010,2026-09-16 02:00:00,82.8
BIN-010,2026-09-16 03:00:00,86.4
BIN-010,2026-09-16 04:00:00,91.8
BIN-010,2026-09-16 05:00:00,8.6
BIN-010,2026-09-16 06:00:00,12.8
BIN-010,2026-09-16 07:00:00,17.1
BIN-010,2026-09-16 08:00:00,22.3
BIN-010,2026-09-16 09:00:00,25.9
BIN-010,2026-09-16 10:00:00,30.1
BIN-010,2026-09-16 11:00:00,34.8
BIN-010,2026-09-16 12:00:00,38.7
BIN-010,2026-09-16 13:00:00,42.3
BIN-010,2026-09-16 14:00:00,46.2
BIN-010,2026-09-16 15:00:00,49.6
BIN-010,2026-09-16 16:00:00,53.7
BIN-010,2026-09-16 17:00:00,58.6
BIN-010,2026-09-16 18:00:00,62.4
BIN-010,2026-09-16 19:00:00,67.0
BIN-010,2026-09-16 20:00:00,69.9
BIN-010,2026-09-16 21:00:00,72.9
BIN-010,2026-09-16 22:00:00,77.8
BIN-010,2026-09-16 23:00:00,81.8
BIN-010,2026-09-17 00:00:00,86.3
BIN-010,2026-09-17 01:00:00,89.5
BIN-010,2026-09-17 02:00:00,93.0
BIN-010,2026-09-17 03:00:00,10.9
BIN-010,2026-09-17 04:00:00,15.4
BIN-010,2026-09-17 05:00:00,19.6
BIN-010,2026-09-17 06:00:00,24.5
BIN-010,2026-09-17 07:00:00,28.3
BIN-010,2026-09-17 08:00:00,31.0
BIN-010,2026-09-17 09:00:00,34.6
BIN-010,2026-09-17 10:00:00,39.0
BIN-010,2026-09-17 11:00:00,43.4
BIN-010,2026-09-17 12:00:00,47.3
BIN-010,2026-09-17 13:00:00,52.2
BIN-010,2026-09-17 14:00:00,56.0
BIN-010,2026-09-17 15:00:00,59.4
BIN-011,2026-09-14 16:00:00,19.6
BIN-011,2026-09-14 17:00:00,24.4
BIN-011,2026-09-14 18:00:00,28.0
BIN-011,2026-09-14 19:00:00,31.6
BIN-011,2026-09-14 20:00:00,35.7
BIN-011,2026-09-14 21:00:00,41.9
BIN-011,2026-09-14 22:00:00,46.9
BIN-011,2026-09-14 23:00:00,51.3
BIN-011,2026-09-15 00:00:00,55.6
BIN-011,2026-09-15 01:00:00,60.4
BIN-011,2026-09-15 02:00:00,65.1
BIN-011,2026-09-15 03:00:00,70.2
BIN-011,2026-09-15 04:00:00,76.3
BIN-011,2026-09-15 05:00:00,80.7
BIN-011,2026-09-15 06:00:00,87.2
BIN-011,2026-09-15 07:00:00,90.4
BIN-011,2026-09-15 08:00:00,12.3
BIN-011,2026-09-15 09:00:00,17.3
BIN-011,2026-09-15 10:00:00,21.0
BIN-011,2026-09-15 11:00:00,25.0
BIN-011,2026-09-15 12:00:00,29.7
BIN-011,2026-09-15 13:00:00,33.3
BIN-011,2026-09-15 14:00:00,40.2
BIN-011,2026-09-15 15:00:00,45.6
BIN-011,2026-09-15 16:00:00,50.8
BIN-011,2026-09-15 17:00:00,55.7
BIN-011,2026-09-15 18:00:00,60.7
BIN-011,2026-09-15 19:00:00,65.2
BIN-011,2026-09-15 20:00:00,70.0
BIN-011,2026-09-15 21:00:00,74.5
BIN-011,2026-09-15 22:00:00,78.4
BIN-011,2026-09-15 23:00:00,82.9
BIN-011,2026-09-16 00:00:00,88.5
BIN-011,2026-09-16 01:00:00,93.4
BIN-011,2026-09-16 02:00:00,9.0
BIN-011,2026-09-16 03:00:00,15.3
BIN-011,2026-09-16 04:00:00,20.1
BIN-011,2026-09-16 05:00:00,24.8
BIN-011,2026-09-16 06:00:00,29.2
BIN-011,2026-09-16 07:00:00,34.6
BIN-011,2026-09-16 08:00:00,39.0
BIN-011,2026-09-16 09:00:00,44.1
BIN-011,2026-09-16 10:00:00,47.5
BIN-011,2026-09-16 11:00:00,51.8
BIN-011,2026-09-16 12:00:00,57.5
BIN-011,2026-09-16 13:00:00,62.5
BIN-011,2026-09-16 14:00:00,68.1
BIN-011,2026-09-16 15:00:00,72.3
BIN-011,2026-09-16 16:00:00,76.8
BIN-011,2026-09-16 17:00:00,80.3
BIN-011,2026-09-16 18:00:00,84.9
BIN-011,2026-09-16 19:00:00,90.1
BIN-011,2026-09-16 20:00:00,14.0
BIN-011,2026-09-16 21:00:00,18.0
BIN-011,2026-09-16 22:00:00,22.0
BIN-011,2026-09-16 23:00:00,26.7
BIN-011,2026-09-17 00:00:00,31.9
BIN-011,2026-09-17 01:00:00,36.2
BIN-011,2026-09-17 02:00:00,41.4
BIN-011,2026-09-17 03:00:00,46.8
BIN-011,2026-09-17 04:00:00,51.1
BIN-011,2026-09-17 05:00:00,54.9
BIN-011,2026-09-17 06:00:00,58.0
BIN-011,2026-09-17 07:00:00,62.8
BIN-011,2026-09-17 08:00:00,66.9
BIN-011,2026-09-17 09:00:00,71.6
BIN-011,2026-09-17 10:00:00,75.8
BIN-011,2026-09-17 11:00:00,80.3
BIN-011,2026-09-17 12:00:00,85.2
BIN-011,2026-09-17 13:00:00,89.5
BIN-011,2026-09-17 14:00:00,94.9
BIN-011,2026-09-17 15:00:00,11.7
BIN-012,2026-09-14 16:00:00,20.5
BIN-012,2026-09-14 17:00:00,22.0
BIN-012,2026-09-14 18:00:00,24.2
BIN-012,2026-09-14 19:00:00,25.6
BIN-012,2026-09-14 20:00:00,27.4
BIN-012,2026-09-14 21:00:00,29.3
BIN-012,2026-09-14 22:00:00,30.7
BIN-012,2026-09-14 23:00:00,32.7
BIN-012,2026-09-15 00:00:00,34.8
BIN-012,2026-09-15 01:00:00,36.7
BIN-012,2026-09-15 02:00:00,38.5
BIN-012,2026-09-15 03:00:00,40.4
BIN-012,2026-09-15 04:00:00,42.2
BIN-012,2026-09-15 05:00:00,44.3
BIN-012,2026-09-15 06:00:00,46.1
BIN-012,2026-09-15 07:00:00,47.8
BIN-012,2026-09-15 08:00:00,49.9
BIN-012,2026-09-15 09:00:00,51.9
BIN-012,2026-09-15 10:00:00,54.0
BIN-012,2026-09-15 11:00:00,55.6
BIN-012,2026-09-15 12:00:00,57.7
BIN-012,2026-09-15 13:00:00,59.5
BIN-012,2026-09-15 14:00:00,61.1
BIN-012,2026-09-15 15:00:00,63.2
BIN-012,2026-09-15 16:00:00,65.1
BIN-012,2026-09-15 17:00:00,66.7
BIN-012,2026-09-15 18:00:00,68.5
BIN-012,2026-09-15 19:00:00,70.5
BIN-012,2026-09-15 20:00:00,71.9
BIN-012,2026-09-15 21:00:00,73.9
BIN-012,2026-09-15 22:00:00,75.7
BIN-012,2026-09-15 23:00:00,77.6
BIN-012,2026-09-16 00:00:00,78.9
BIN-012,2026-09-16 01:00:00,81.2
BIN-012,2026-09-16 02:00:00,82.9
BIN-012,2026-09-16 03:00:00,84.5
BIN-012,2026-09-16 04:00:00,86.3
BIN-012,2026-09-16 05:00:00,88.3
BIN-012,2026-09-16 06:00:00,90.1
BIN-012,2026-09-16 07:00:00,10.6
BIN-012,2026-09-16 08:00:00,12.9
BIN-012,2026-09-16 09:00:00,14.7
BIN-012,2026-09-16 10:00:00,16.5
BIN-012,2026-09-16 11:00:00,17.9
BIN-012,2026-09-16 12:00:00,19.6
BIN-012,2026-09-16 13:00:00,21.5
BIN-012,2026-09-16 14:00:00,22.9
BIN-012,2026-09-16 15:00:00,25.3
BIN-012,2026-09-16 16:00:00,27.2
BIN-012,2026-09-16 17:00:00,28.9
BIN-012,2026-09-16 18:00:00,30.7
BIN-012,2026-09-16 19:00:00,33.1
BIN-012,2026-09-16 20:00:00,35.1
BIN-012,2026-09-16 21:00:00,36.5
BIN-012,2026-09-16 22:00:00,38.2
BIN-012,2026-09-16 23:00:00,40.3
BIN-012,2026-09-17 00:00:00,41.9
BIN-012,2026-09-17 01:00:00,43.9
BIN-012,2026-09-17 02:00:00,45.1
BIN-012,2026-09-17 03:00:00,46.8
BIN-012,2026-09-17 04:00:00,48.6
BIN-012,2026-09-17 05:00:00,50.7
BIN-012,2026-09-17 06:00:00,52.4
BIN-012,2026-09-17 07:00:00,54.5
BIN-012,2026-09-17 08:00:00,56.0
BIN-012,2026-09-17 09:00:00,57.8
BIN-012,2026-09-17 10:00:00,59.7
BIN-012,2026-09-17 11:00:00,61.1
BIN-012,2026-09-17 12:00:00,63.3
BIN-012,2026-09-17 13:00:00,65.2
BIN-012,2026-09-17 14:00:00,66.7
BIN-012,2026-09-17 15:00:00,68.8
BIN-013,2026-09-14 16:00:00,17.5
BIN-013,2026-09-14 17:00:00,18.2
BIN-013,2026-09-14 18:00:00,19.0
BIN-013,2026-09-14 19:00:00,19.6
BIN-013,2026-09-14 20:00:00,20.6
BIN-013,2026-09-14 21:00:00,21.7
BIN-013,2026-09-14 22:00:00,22.5
BIN-013,2026-09-14 23:00:00,23.1
BIN-013,2026-09-15 00:00:00,23.9
BIN-013,2026-09-15 01:00:00,24.8
BIN-013,2026-09-15 02:00:00,25.7
BIN-013,2026-09-15 03:00:00,26.6
BIN-013,2026-09-15 04:00:00,27.7
BIN-013,2026-09-15 05:00:00,28.6
BIN-013,2026-09-15 06:00:00,29.4
BIN-013,2026-09-15 07:00:00,30.3
BIN-013,2026-09-15 08:00:00,31.3
BIN-013,2026-09-15 09:00:00,32.1
BIN-013,2026-09-15 10:00:00,33.0
BIN-013,2026-09-15 11:00:00,33.8
BIN-013,2026-09-15 12:00:00,34.8
BIN-013,2026-09-15 13:00:00,35.5
BIN-013,2026-09-15 14:00:00,36.4
BIN-013,2026-09-15 15:00:00,37.4
BIN-013,2026-09-15 16:00:00,38.3
BIN-013,2026-09-15 17:00:00,38.9
BIN-013,2026-09-15 18:00:00,39.8
BIN-013,2026-09-15 19:00:00,40.8
BIN-013,2026-09-15 20:00:00,41.7
BIN-013,2026-09-15 21:00:00,42.4
BIN-013,2026-09-15 22:00:00,43.6
BIN-013,2026-09-15 23:00:00,44.7
BIN-013,2026-09-16 00:00:00,45.6
BIN-013,2026-09-16 01:00:00,46.8
BIN-013,2026-09-16 02:00:00,47.7
BIN-013,2026-09-16 03:00:00,48.4
BIN-013,2026-09-16 04:00:00,49.2
BIN-013,2026-09-16 05:00:00,50.1
BIN-013,2026-09-16 06:00:00,50.8
BIN-013,2026-09-16 07:00:00,51.8
BIN-013,2026-09-16 08:00:00,52.8
BIN-013,2026-09-16 09:00:00,53.5
BIN-013,2026-09-16 10:00:00,54.3
BIN-013,2026-09-16 11:00:00,55.0
BIN-013,2026-09-16 12:00:00,55.8
BIN-013,2026-09-16 13:00:00,56.7
BIN-013,2026-09-16 14:00:00,57.6
BIN-013,2026-09-16 15:00:00,58.5
BIN-013,2026-09-16 16:00:00,59.4
BIN-013,2026-09-16 17:00:00,60.2
BIN-013,2026-09-16 18:00:00,61.0
BIN-013,2026-09-16 19:00:00,61.9
BIN-013,2026-09-16 20:00:00,62.7
BIN-013,2026-09-16 21:00:00,63.6
BIN-013,2026-09-16 22:00:00,64.6
BIN-013,2026-09-16 23:00:00,65.4
BIN-013,2026-09-17 00:00:00,66.2
BIN-013,2026-09-17 01:00:00,67.0
BIN-013,2026-09-17 02:00:00,67.8
BIN-013,2026-09-17 03:00:00,68.8
BIN-013,2026-09-17 04:00:00,69.6
BIN-013,2026-09-17 05:00:00,70.5
BIN-013,2026-09-17 06:00:00,71.3
BIN-013,2026-09-17 07:00:00,72.2
BIN-013,2026-09-17 08:00:00,73.3
BIN-013,2026-09-17 09:00:00,74.2
BIN-013,2026-09-17 10:00:00,75.3
BIN-013,2026-09-17 11:00:00,76.0
BIN-013,2026-09-17 12:00:00,76.8
BIN-013,2026-09-17 13:00:00,77.7
BIN-013,2026-09-17 14:00:00,78.4
BIN-013,2026-09-17 15:00:00,79.3
BIN-014,2026-09-14 16:00:00,18.6
BIN-014,2026-09-14 17:00:00,20.3
BIN-014,2026-09-14 18:00:00,21.9
BIN-014,2026-09-14 19:00:00,23.6
BIN-014,2026-09-14 20:00:00,25.5
BIN-014,2026-09-14 21:00:00,27.4
BIN-014,2026-09-14 22:00:00,28.7
BIN-014,2026-09-14 23:00:00,30.1
BIN-014,2026-09-15 00:00:00,31.8
BIN-014,2026-09-15 01:00:00,33.2
BIN-014,2026-09-15 02:00:00,35.4
BIN-014,2026-09-15 03:00:00,37.0
BIN-014,2026-09-15 04:00:00,38.7
BIN-014,2026-09-15 05:00:00,40.4
BIN-014,2026-09-15 06:00:00,41.9
BIN-014,2026-09-15 07:00:00,43.4
BIN-014,2026-09-15 08:00:00,45.5
BIN-014,2026-09-15 09:00:00,47.3
BIN-014,2026-09-15 10:00:00,48.5
BIN-014,2026-09-15 11:00:00,50.0
BIN-014,2026-09-15 12:00:00,51.8
BIN-014,2026-09-15 13:00:00,53.5
BIN-014,2026-09-15 14:00:00,55.5
BIN-014,2026-09-15 15:00:00,57.3
BIN-014,2026-09-15 16:00:00,58.9
BIN-014,2026-09-15 17:00:00,60.5
BIN-014,2026-09-15 18:00:00,62.2
BIN-014,2026-09-15 19:00:00,64.0
BIN-014,2026-09-15 20:00:00,65.5
BIN-014,2026-09-15 21:00:00,67.1
BIN-014,2026-09-15 22:00:00,69.0
BIN-014,2026-09-15 23:00:00,70.7
BIN-014,2026-09-16 00:00:00,72.3
BIN-014,2026-09-16 01:00:00,74.2
BIN-014,2026-09-16 02:00:00,75.7
BIN-014,2026-09-16 03:00:00,77.5
BIN-014,2026-09-16 04:00:00,79.5
BIN-014,2026-09-16 05:00:00,81.1
BIN-014,2026-09-16 06:00:00,82.8
BIN-014,2026-09-16 07:00:00,84.2
BIN-014,2026-09-16 08:00:00,85.8
BIN-014,2026-09-16 09:00:00,87.3
BIN-014,2026-09-16 10:00:00,89.2
BIN-014,2026-09-16 11:00:00,90.8
BIN-014,2026-09-16 12:00:00,8.3
BIN-014,2026-09-16 13:00:00,9.9
BIN-014,2026-09-16 14:00:00,11.7
BIN-014,2026-09-16 15:00:00,13.3
BIN-014,2026-09-16 16:00:00,15.1
BIN-014,2026-09-16 17:00:00,16.7
BIN-014,2026-09-16 18:00:00,18.7
BIN-014,2026-09-16 19:00:00,20.4
BIN-014,2026-09-16 20:00:00,21.7
BIN-014,2026-09-16 21:00:00,23.3
BIN-014,2026-09-16 22:00:00,24.6
BIN-014,2026-09-16 23:00:00,26.4
BIN-014,2026-09-17 00:00:00,28.3
BIN-014,2026-09-17 01:00:00,30.0
BIN-014,2026-09-17 02:00:00,31.6
BIN-014,2026-09-17 03:00:00,33.0
BIN-014,2026-09-17 04:00:00,34.6
BIN-014,2026-09-17 05:00:00,36.1
BIN-014,2026-09-17 06:00:00,38.0
BIN-014,2026-09-17 07:00:00,39.6
BIN-014,2026-09-17 08:00:00,41.4
BIN-014,2026-09-17 09:00:00,42.9
BIN-014,2026-09-17 10:00:00,44.9
BIN-014,2026-09-17 11:00:00,46.3
BIN-014,2026-09-17 12:00:00,47.9
BIN-014,2026-09-17 13:00:00,49.7
BIN-014,2026-09-17 14:00:00,51.8
BIN-014,2026-09-17 15:00:00,53.1
BIN-015,2026-09-14 16:00:00,23.2
BIN-015,2026-09-14 17:00:00,24.1
BIN-015,2026-09-14 18:00:00,24.9
BIN-015,2026-09-14 19:00:00,25.7
BIN-015,2026-09-14 20:00:00,26.3
BIN-015,2026-09-14 21:00:00,27.1
BIN-015,2026-09-14 22:00:00,27.9
BIN-015,2026-09-14 23:00:00,28.6
BIN-015,2026-09-15 00:00:00,29.4
BIN-015,2026-09-15 01:00:00,30.2
BIN-015,2026-09-15 02:00:00,30.6
BIN-015,2026-09-15 03:00:00,31.2
BIN-015,2026-09-15 04:00:00,31.8
BIN-015,2026-09-15 05:00:00,32.5
BIN-015,2026-09-15 06:00:00,33.2
BIN-015,2026-09-15 07:00:00,33.8
BIN-015,2026-09-15 08:00:00,34.7
BIN-015,2026-09-15 09:00:00,35.4
BIN-015,2026-09-15 10:00:00,36.1
BIN-015,2026-09-15 11:00:00,37.0
BIN-015,2026-09-15 12:00:00,37.9
BIN-015,2026-09-15 13:00:00,38.7
BIN-015,2026-09-15 14:00:00,39.4
BIN-015,2026-09-15 15:00:00,40.0
BIN-015,2026-09-15 16:00:00,40.7
BIN-015,2026-09-15 17:00:00,41.3
BIN-015,2026-09-15 18:00:00,42.0
BIN-015,2026-09-15 19:00:00,42.8
BIN-015,2026-09-15 20:00:00,43.6
BIN-015,2026-09-15 21:00:00,44.4
BIN-015,2026-09-15 22:00:00,45.2
BIN-015,2026-09-15 23:00:00,46.0
BIN-015,2026-09-16 00:00:00,46.6
BIN-015,2026-09-16 01:00:00,47.5
BIN-015,2026-09-16 02:00:00,48.2
BIN-015,2026-09-16 03:00:00,48.9
BIN-015,2026-09-16 04:00:00,49.6
BIN-015,2026-09-16 05:00:00,50.5
BIN-015,2026-09-16 06:00:00,51.1
BIN-015,2026-09-16 07:00:00,51.9
BIN-015,2026-09-16 08:00:00,52.7
BIN-015,2026-09-16 09:00:00,53.4
BIN-015,2026-09-16 10:00:00,54.1
BIN-015,2026-09-16 11:00:00,54.7
BIN-015,2026-09-16 12:00:00,55.3
BIN-015,2026-09-16 13:00:00,56.1
BIN-015,2026-09-16 14:00:00,56.8
BIN-015,2026-09-16 15:00:00,57.4
BIN-015,2026-09-16 16:00:00,58.2
BIN-015,2026-09-16 17:00:00,59.0
BIN-015,2026-09-16 18:00:00,59.7
BIN-015,2026-09-16 19:00:00,60.4
BIN-015,2026-09-16 20:00:00,60.8
BIN-015,2026-09-16 21:00:00,61.5
BIN-015,2026-09-16 22:00:00,62.2
BIN-015,2026-09-16 23:00:00,62.8
BIN-015,2026-09-17 00:00:00,63.4
BIN-015,2026-09-17 01:00:00,64.4
BIN-015,2026-09-17 02:00:00,64.9
BIN-015,2026-09-17 03:00:00,65.7
BIN-015,2026-09-17 04:00:00,66.3
BIN-015,2026-09-17 05:00:00,67.1
BIN-015,2026-09-17 06:00:00,67.7
BIN-015,2026-09-17 07:00:00,68.5
BIN-015,2026-09-17 08:00:00,69.2
BIN-015,2026-09-17 09:00:00,70.1
BIN-015,2026-09-17 10:00:00,71.0
BIN-015,2026-09-17 11:00:00,71.6
BIN-015,2026-09-17 12:00:00,72.2
BIN-015,2026-09-17 13:00:00,72.8
BIN-015,2026-09-17 14:00:00,73.4
BIN-015,2026-09-17 15:00:00,74.3
BIN-016,2026-09-14 16:00:00,22.7
BIN-016,2026-09-14 17:00:00,23.5
BIN-016,2026-09-14 18:00:00,24.2
BIN-016,2026-09-14 19:00:00,24.9
BIN-016,2026-09-14 20:00:00,25.6
BIN-016,2026-09-14 21:00:00,26.4
BIN-016,2026-09-14 22:00:00,26.9
BIN-016,2026-09-14 23:00:00,27.6
BIN-016,2026-09-15 00:00:00,28.2
BIN-016,2026-09-15 01:00:00,29.0
BIN-016,2026-09-15 02:00:00,29.8
BIN-016,2026-09-15 03:00:00,30.7
BIN-016,2026-09-15 04:00:00,31.4
BIN-016,2026-09-15 05:00:00,32.2
BIN-016,2026-09-15 06:00:00,32.8
BIN-016,2026-09-15 07:00:00,33.6
BIN-016,2026-09-15 08:00:00,34.3
BIN-016,2026-09-15 09:00:00,34.9
BIN-016,2026-09-15 10:00:00,35.4
BIN-016,2026-09-15 11:00:00,36.2
BIN-016,2026-09-15 12:00:00,36.9
BIN-016,2026-09-15 13:00:00,37.6
BIN-016,2026-09-15 14:00:00,38.5
BIN-016,2026-09-15 15:00:00,39.3
BIN-016,2026-09-15 16:00:00,40.0
BIN-016,2026-09-15 17:00:00,41.0
BIN-016,2026-09-15 18:00:00,41.8
BIN-016,2026-09-15 19:00:00,42.4
BIN-016,2026-09-15 20:00:00,43.1
BIN-016,2026-09-15 21:00:00,43.9
BIN-016,2026-09-15 22:00:00,44.8
BIN-016,2026-09-15 23:00:00,45.5
BIN-016,2026-09-16 00:00:00,46.1
BIN-016,2026-09-16 01:00:00,46.8
BIN-016,2026-09-16 02:00:00,47.6
BIN-016,2026-09-16 03:00:00,48.6
BIN-016,2026-09-16 04:00:00,49.3
BIN-016,2026-09-16 05:00:00,50.0
BIN-016,2026-09-16 06:00:00,50.7
BIN-016,2026-09-16 07:00:00,51.5
BIN-016,2026-09-16 08:00:00,52.0
BIN-016,2026-09-16 09:00:00,52.7
BIN-016,2026-09-16 10:00:00,53.4
BIN-016,2026-09-16 11:00:00,54.1
BIN-016,2026-09-16 12:00:00,54.9
BIN-016,2026-09-16 13:00:00,55.5
BIN-016,2026-09-16 14:00:00,56.2
BIN-016,2026-09-16 15:00:00,56.9
BIN-016,2026-09-16 16:00:00,57.7
BIN-016,2026-09-16 17:00:00,58.5
BIN-016,2026-09-16 18:00:00,59.3
BIN-016,2026-09-16 19:00:00,60.0
BIN-016,2026-09-16 20:00:00,60.8
BIN-016,2026-09-16 21:00:00,61.3
BIN-016,2026-09-16 22:00:00,62.0
BIN-016,2026-09-16 23:00:00,62.9
BIN-016,2026-09-17 00:00:00,63.5
BIN-016,2026-09-17 01:00:00,64.3
BIN-016,2026-09-17 02:00:00,65.0
BIN-016,2026-09-17 03:00:00,65.7
BIN-016,2026-09-17 04:00:00,66.3
BIN-016,2026-09-17 05:00:00,67.2
BIN-016,2026-09-17 06:00:00,68.0
BIN-016,2026-09-17 07:00:00,68.7
BIN-016,2026-09-17 08:00:00,69.3
BIN-016,2026-09-17 09:00:00,69.9
BIN-016,2026-09-17 10:00:00,70.6
BIN-016,2026-09-17 11:00:00,71.3
BIN-016,2026-09-17 12:00:00,72.1
BIN-016,2026-09-17 13:00:00,72.9
BIN-016,2026-09-17 14:00:00,73.5
BIN-016,2026-09-17 15:00:00,74.4
BIN-017,2026-09-14 16:00:00,14.7
BIN-017,2026-09-14 17:00:00,15.2
BIN-017,2026-09-14 18:00:00,15.8
BIN-017,2026-09-14 19:00:00,16.3
BIN-017,2026-09-14 20:00:00,16.9
BIN-017,2026-09-14 21:00:00,17.6
BIN-017,2026-09-14 22:00:00,18.2
BIN-017,2026-09-14 23:00:00,18.7
BIN-017,2026-09-15 00:00:00,19.3
BIN-017,2026-09-15 01:00:00,19.9
BIN-017,2026-09-15 02:00:00,20.6
BIN-017,2026-09-15 03:00:00,21.1
BIN-017,2026-09-15 04:00:00,21.7
BIN-017,2026-09-15 05:00:00,22.4
BIN-017,2026-09-15 06:00:00,22.9
BIN-017,2026-09-15 07:00:00,23.4
BIN-017,2026-09-15 08:00:00,23.9
BIN-017,2026-09-15 09:00:00,24.7
BIN-017,2026-09-15 10:00:00,25.2
BIN-017,2026-09-15 11:00:00,25.8
BIN-017,2026-09-15 12:00:00,26.3
BIN-017,2026-09-15 13:00:00,26.9
BIN-017,2026-09-15 14:00:00,27.5
BIN-017,2026-09-15 15:00:00,28.0
BIN-017,2026-09-15 16:00:00,28.5
BIN-017,2026-09-15 17:00:00,29.1
BIN-017,2026-09-15 18:00:00,29.6
BIN-017,2026-09-15 19:00:00,30.2
BIN-017,2026-09-15 20:00:00,30.8
BIN-017,2026-09-15 21:00:00,31.4
BIN-017,2026-09-15 22:00:00,31.9
BIN-017,2026-09-15 23:00:00,32.4
BIN-017,2026-09-16 00:00:00,33.0
BIN-017,2026-09-16 01:00:00,33.6
BIN-017,2026-09-16 02:00:00,34.2
BIN-017,2026-09-16 03:00:00,34.7
BIN-017,2026-09-16 04:00:00,35.1
BIN-017,2026-09-16 05:00:00,35.6
BIN-017,2026-09-16 06:00:00,36.1
BIN-017,2026-09-16 07:00:00,36.7
BIN-017,2026-09-16 08:00:00,37.3
BIN-017,2026-09-16 09:00:00,38.0
BIN-017,2026-09-16 10:00:00,38.5
BIN-017,2026-09-16 11:00:00,39.0
BIN-017,2026-09-16 12:00:00,39.5
BIN-017,2026-09-16 13:00:00,40.0
BIN-017,2026-09-16 14:00:00,40.6
BIN-017,2026-09-16 15:00:00,41.1
BIN-017,2026-09-16 16:00:00,41.5
BIN-017,2026-09-16 17:00:00,42.1
BIN-017,2026-09-16 18:00:00,42.8
BIN-017,2026-09-16 19:00:00,43.4
BIN-017,2026-09-16 20:00:00,44.0
BIN-017,2026-09-16 21:00:00,44.7
BIN-017,2026-09-16 22:00:00,45.2
BIN-017,2026-09-16 23:00:00,45.6
BIN-017,2026-09-17 00:00:00,46.2
BIN-017,2026-09-17 01:00:00,46.8
BIN-017,2026-09-17 02:00:00,47.4
BIN-017,2026-09-17 03:00:00,48.1
BIN-017,2026-09-17 04:00:00,48.8
BIN-017,2026-09-17 05:00:00,49.3
BIN-017,2026-09-17 06:00:00,49.9
BIN-017,2026-09-17 07:00:00,50.5
BIN-017,2026-09-17 08:00:00,51.2
BIN-017,2026-09-17 09:00:00,51.8
BIN-017,2026-09-17 10:00:00,52.4
BIN-017,2026-09-17 11:00:00,52.9
BIN-017,2026-09-17 12:00:00,53.5
BIN-017,2026-09-17 13:00:00,54.1
BIN-017,2026-09-17 14:00:00,54.6
BIN-017,2026-09-17 15:00:00,55.2
BIN-018,2026-09-14 16:00:00,13.0
BIN-018,2026-09-14 17:00:00,17.9
BIN-018,2026-09-14 18:00:00,22.5
BIN-018,2026-09-14 19:00:00,27.6
BIN-018,2026-09-14 20:00:00,34.2
BIN-018,2026-09-14 21:00:00,38.2
BIN-018,2026-09-14 22:00:00,42.3
BIN-018,2026-09-14 23:00:00,47.0
BIN-018,2026-09-15 00:00:00,50.9
BIN-018,2026-09-15 01:00:00,54.8
BIN-018,2026-09-15 02:00:00,58.7
BIN-018,2026-09-15 03:00:00,63.2
BIN-018,2026-09-15 04:00:00,66.4
BIN-018,2026-09-15 05:00:00,70.4
BIN-018,2026-09-15 06:00:00,74.2
BIN-018,2026-09-15 07:00:00,78.4
BIN-018,2026-09-15 08:00:00,83.2
BIN-018,2026-09-15 09:00:00,88.0
BIN-018,2026-09-15 10:00:00,92.5
BIN-018,2026-09-15 11:00:00,7.5
BIN-018,2026-09-15 12:00:00,12.0
BIN-018,2026-09-15 13:00:00,16.0
BIN-018,2026-09-15 14:00:00,20.5
BIN-018,2026-09-15 15:00:00,24.8
BIN-018,2026-09-15 16:00:00,28.2
BIN-018,2026-09-15 17:00:00,32.7
BIN-018,2026-09-15 18:00:00,38.7
BIN-018,2026-09-15 19:00:00,42.1
BIN-018,2026-09-15 20:00:00,46.7
BIN-018,2026-09-15 21:00:00,49.9
BIN-018,2026-09-15 22:00:00,55.5
BIN-018,2026-09-15 23:00:00,61.2
BIN-018,2026-09-16 00:00:00,66.4
BIN-018,2026-09-16 01:00:00,71.9
BIN-018,2026-09-16 02:00:00,76.3
BIN-018,2026-09-16 03:00:00,80.3
BIN-018,2026-09-16 04:00:00,83.9
BIN-018,2026-09-16 05:00:00,88.3
BIN-018,2026-09-16 06:00:00,93.4
BIN-018,2026-09-16 07:00:00,9.0
BIN-018,2026-09-16 08:00:00,14.6
BIN-018,2026-09-16 09:00:00,18.2
BIN-018,2026-09-16 10:00:00,22.1
BIN-018,2026-09-16 11:00:00,27.3
BIN-018,2026-09-16 12:00:00,30.5
BIN-018,2026-09-16 13:00:00,34.1
BIN-018,2026-09-16 14:00:00,38.5
BIN-018,2026-09-16 15:00:00,43.4
BIN-018,2026-09-16 16:00:00,48.3
BIN-018,2026-09-16 17:00:00,53.6
BIN-018,2026-09-16 18:00:00,58.4
BIN-018,2026-09-16 19:00:00,62.3
BIN-018,2026-09-16 20:00:00,66.5
BIN-018,2026-09-16 21:00:00,70.7
BIN-018,2026-09-16 22:00:00,75.7
BIN-018,2026-09-16 23:00:00,80.7
BIN-018,2026-09-17 00:00:00,84.8
BIN-018,2026-09-17 01:00:00,88.2
BIN-018,2026-09-17 02:00:00,92.8
BIN-018,2026-09-17 03:00:00,6.7
BIN-018,2026-09-17 04:00:00,11.3
BIN-018,2026-09-17 05:00:00,15.9
BIN-018,2026-09-17 06:00:00,19.9
BIN-018,2026-09-17 07:00:00,24.4
BIN-018,2026-09-17 08:00:00,29.1
BIN-018,2026-09-17 09:00:00,34.8
BIN-018,2026-09-17 10:00:00,39.7
BIN-018,2026-09-17 11:00:00,43.7
BIN-018,2026-09-17 12:00:00,47.9
BIN-018,2026-09-17 13:00:00,52.6
BIN-018,2026-09-17 14:00:00,57.6
BIN-018,2026-09-17 15:00:00,62.1
BIN-019,2026-09-14 16:00:00,23.0
BIN-019,2026-09-14 17:00:00,24.7
BIN-019,2026-09-14 18:00:00,26.0
BIN-019,2026-09-14 19:00:00,28.5
BIN-019,2026-09-14 20:00:00,30.2
BIN-019,2026-09-14 21:00:00,31.8
BIN-019,2026-09-14 22:00:00,33.7
BIN-019,2026-09-14 23:00:00,35.5
BIN-019,2026-09-15 00:00:00,37.4
BIN-019,2026-09-15 01:00:00,39.2
BIN-019,2026-09-15 02:00:00,41.2
BIN-019,2026-09-15 03:00:00,42.7
BIN-019,2026-09-15 04:00:00,43.9
BIN-019,2026-09-15 05:00:00,45.8
BIN-019,2026-09-15 06:00:00,47.2
BIN-019,2026-09-15 07:00:00,48.6
BIN-019,2026-09-15 08:00:00,50.4
BIN-019,2026-09-15 09:00:00,52.2
BIN-019,2026-09-15 10:00:00,54.1
BIN-019,2026-09-15 11:00:00,56.1
BIN-019,2026-09-15 12:00:00,57.9
BIN-019,2026-09-15 13:00:00,59.2
BIN-019,2026-09-15 14:00:00,61.2
BIN-019,2026-09-15 15:00:00,63.1
BIN-019,2026-09-15 16:00:00,64.6
BIN-019,2026-09-15 17:00:00,66.9
BIN-019,2026-09-15 18:00:00,68.4
BIN-019,2026-09-15 19:00:00,70.4
BIN-019,2026-09-15 20:00:00,72.4
BIN-019,2026-09-15 21:00:00,73.9
BIN-019,2026-09-15 22:00:00,75.5
BIN-019,2026-09-15 23:00:00,77.5
BIN-019,2026-09-16 00:00:00,79.5
BIN-019,2026-09-16 01:00:00,81.1
BIN-019,2026-09-16 02:00:00,82.7
BIN-019,2026-09-16 03:00:00,84.1
BIN-019,2026-09-16 04:00:00,86.2
BIN-019,2026-09-16 05:00:00,88.2
BIN-019,2026-09-16 06:00:00,90.0
BIN-019,2026-09-16 07:00:00,91.4
BIN-019,2026-09-16 08:00:00,9.0
BIN-019,2026-09-16 09:00:00,10.9
BIN-019,2026-09-16 10:00:00,12.2
BIN-019,2026-09-16 11:00:00,14.2
BIN-019,2026-09-16 12:00:00,15.9
BIN-019,2026-09-16 13:00:00,17.9
BIN-019,2026-09-16 14:00:00,19.8
BIN-019,2026-09-16 15:00:00,21.3
BIN-019,2026-09-16 16:00:00,23.1
BIN-019,2026-09-16 17:00:00,24.7
BIN-019,2026-09-16 18:00:00,26.5
BIN-019,2026-09-16 19:00:00,28.1
BIN-019,2026-09-16 20:00:00,29.7
BIN-019,2026-09-16 21:00:00,31.4
BIN-019,2026-09-16 22:00:00,32.6
BIN-019,2026-09-16 23:00:00,34.5
BIN-019,2026-09-17 00:00:00,36.8
BIN-019,2026-09-17 01:00:00,38.5
BIN-019,2026-09-17 02:00:00,40.3
BIN-019,2026-09-17 03:00:00,42.0
BIN-019,2026-09-17 04:00:00,43.1
BIN-019,2026-09-17 05:00:00,44.6
BIN-019,2026-09-17 06:00:00,46.8
BIN-019,2026-09-17 07:00:00,49.2
BIN-019,2026-09-17 08:00:00,50.9
BIN-019,2026-09-17 09:00:00,52.5
BIN-019,2026-09-17 10:00:00,54.5
BIN-019,2026-09-17 11:00:00,56.0
BIN-019,2026-09-17 12:00:00,57.8
BIN-019,2026-09-17 13:00:00,59.6
BIN-019,2026-09-17 14:00:00,61.2
BIN-019,2026-09-17 15:00:00,63.1
BIN-020,2026-09-14 16:00:00,29.6
BIN-020,2026-09-14 17:00:00,32.0
BIN-020,2026-09-14 18:00:00,34.0
BIN-020,2026-09-14 19:00:00,35.6
BIN-020,2026-09-14 20:00:00,37.4
BIN-020,2026-09-14 21:00:00,39.7
BIN-020,2026-09-14 22:00:00,41.9
BIN-020,2026-09-14 23:00:00,43.6
BIN-020,2026-09-15 00:00:00,45.6
BIN-020,2026-09-15 01:00:00,47.4
BIN-020,2026-09-15 02:00:00,49.1
BIN-020,2026-09-15 03:00:00,50.6
BIN-020,2026-09-15 04:00:00,52.5
BIN-020,2026-09-15 05:00:00,54.5
BIN-020,2026-09-15 06:00:00,56.4
BIN-020,2026-09-15 07:00:00,58.0
BIN-020,2026-09-15 08:00:00,60.1
BIN-020,2026-09-15 09:00:00,62.0
BIN-020,2026-09-15 10:00:00,64.2
BIN-020,2026-09-15 11:00:00,66.3
BIN-020,2026-09-15 12:00:00,68.1
BIN-020,2026-09-15 13:00:00,70.4
BIN-020,2026-09-15 14:00:00,72.2
BIN-020,2026-09-15 15:00:00,74.0
BIN-020,2026-09-15 16:00:00,76.0
BIN-020,2026-09-15 17:00:00,78.3
BIN-020,2026-09-15 18:00:00,80.2
BIN-020,2026-09-15 19:00:00,82.3
BIN-020,2026-09-15 20:00:00,84.3
BIN-020,2026-09-15 21:00:00,86.3
BIN-020,2026-09-15 22:00:00,88.3
BIN-020,2026-09-15 23:00:00,90.4
BIN-020,2026-09-16 00:00:00,7.3
BIN-020,2026-09-16 01:00:00,9.7
BIN-020,2026-09-16 02:00:00,11.8
BIN-020,2026-09-16 03:00:00,14.1
BIN-020,2026-09-16 04:00:00,16.1
BIN-020,2026-09-16 05:00:00,18.4
BIN-020,2026-09-16 06:00:00,20.7
BIN-020,2026-09-16 07:00:00,22.6
BIN-020,2026-09-16 08:00:00,24.8
BIN-020,2026-09-16 09:00:00,27.2
BIN-020,2026-09-16 10:00:00,29.5
BIN-020,2026-09-16 11:00:00,32.0
BIN-020,2026-09-16 12:00:00,34.5
BIN-020,2026-09-16 13:00:00,36.7
BIN-020,2026-09-16 14:00:00,38.4
BIN-020,2026-09-16 15:00:00,40.6
BIN-020,2026-09-16 16:00:00,42.9
BIN-020,2026-09-16 17:00:00,45.2
BIN-020,2026-09-16 18:00:00,47.0
BIN-020,2026-09-16 19:00:00,49.3
BIN-020,2026-09-16 20:00:00,51.1
BIN-020,2026-09-16 21:00:00,53.4
BIN-020,2026-09-16 22:00:00,56.0
BIN-020,2026-09-16 23:00:00,57.7
BIN-020,2026-09-17 00:00:00,59.6
BIN-020,2026-09-17 01:00:00,61.6
BIN-020,2026-09-17 02:00:00,64.1
BIN-020,2026-09-17 03:00:00,67.1
BIN-020,2026-09-17 04:00:00,69.2
BIN-020,2026-09-17 05:00:00,71.3
BIN-020,2026-09-17 06:00:00,73.3
BIN-020,2026-09-17 07:00:00,74.7
BIN-020,2026-09-17 08:00:00,76.7
BIN-020,2026-09-17 09:00:00,78.8
BIN-020,2026-09-17 10:00:00,81.2
BIN-020,2026-09-17 11:00:00,82.6
BIN-020,2026-09-17 12:00:00,84.6
BIN-020,2026-09-17 13:00:00,86.7
BIN-020,2026-09-17 14:00:00,88.3
BIN-020,2026-09-17 15:00:00,90.7
BIN-021,2026-09-14 16:00:00,13.6
BIN-021,2026-09-14 17:00:00,17.9
BIN-021,2026-09-14 18:00:00,21.3
BIN-021,2026-09-14 19:00:00,26.2
BIN-021,2026-09-14 20:00:00,31.4
BIN-021,2026-09-14 21:00:00,36.3
BIN-021,2026-09-14 22:00:00,40.2
BIN-021,2026-09-14 23:00:00,44.3
BIN-021,2026-09-15 00:00:00,47.9
BIN-021,2026-09-15 01:00:00,52.2
BIN-021,2026-09-15 02:00:00,57.7
BIN-021,2026-09-15 03:00:00,62.6
BIN-021,2026-09-15 04:00:00,66.6
BIN-021,2026-09-15 05:00:00,70.1
BIN-021,2026-09-15 06:00:00,74.7
BIN-021,2026-09-15 07:00:00,79.5
BIN-021,2026-09-15 08:00:00,83.8
BIN-021,2026-09-15 09:00:00,88.1
BIN-021,2026-09-15 10:00:00,92.2
BIN-021,2026-09-15 11:00:00,12.0
BIN-021,2026-09-15 12:00:00,16.6
BIN-021,2026-09-15 13:00:00,21.4
BIN-021,2026-09-15 14:00:00,26.0
BIN-021,2026-09-15 15:00:00,30.6
BIN-021,2026-09-15 16:00:00,35.9
BIN-021,2026-09-15 17:00:00,40.2
BIN-021,2026-09-15 18:00:00,44.7
BIN-021,2026-09-15 19:00:00,50.4
BIN-021,2026-09-15 20:00:00,53.9
BIN-021,2026-09-15 21:00:00,57.0
BIN-021,2026-09-15 22:00:00,61.9
BIN-021,2026-09-15 23:00:00,66.2
BIN-021,2026-09-16 00:00:00,71.9
BIN-021,2026-09-16 01:00:00,77.1
BIN-021,2026-09-16 02:00:00,82.1
BIN-021,2026-09-16 03:00:00,87.1
BIN-021,2026-09-16 04:00:00,90.9
BIN-021,2026-09-16 05:00:00,9.0
BIN-021,2026-09-16 06:00:00,12.6
BIN-021,2026-09-16 07:00:00,17.1
BIN-021,2026-09-16 08:00:00,20.9
BIN-021,2026-09-16 09:00:00,25.8
BIN-021,2026-09-16 10:00:00,30.9
BIN-021,2026-09-16 11:00:00,34.7
BIN-021,2026-09-16 12:00:00,39.2
BIN-021,2026-09-16 13:00:00,44.6
BIN-021,2026-09-16 14:00:00,49.1
BIN-021,2026-09-16 15:00:00,52.9
BIN-021,2026-09-16 16:00:00,57.7
BIN-021,2026-09-16 17:00:00,63.5
BIN-021,2026-09-16 18:00:00,67.0
BIN-021,2026-09-16 19:00:00,71.2
BIN-021,2026-09-16 20:00:00,75.5
BIN-021,2026-09-16 21:00:00,80.3
BIN-021,2026-09-16 22:00:00,85.0
BIN-021,2026-09-16 23:00:00,89.8
BIN-021,2026-09-17 00:00:00,95.6
BIN-021,2026-09-17 01:00:00,6.9
BIN-021,2026-09-17 02:00:00,11.5
BIN-021,2026-09-17 03:00:00,17.0
BIN-021,2026-09-17 04:00:00,21.3
BIN-021,2026-09-17 05:00:00,26.3
BIN-021,2026-09-17 06:00:00,30.8
BIN-021,2026-09-17 07:00:00,35.2
BIN-021,2026-09-17 08:00:00,39.4
BIN-021,2026-09-17 09:00:00,44.5
BIN-021,2026-09-17 10:00:00,48.6
BIN-021,2026-09-17 11:00:00,53.0
BIN-021,2026-09-17 12:00:00,56.3
BIN-021,2026-09-17 13:00:00,60.6
BIN-021,2026-09-17 14:00:00,65.0
BIN-021,2026-09-17 15:00:00,69.5
BIN-022,2026-09-14 16:00:00,8.3
BIN-022,2026-09-14 17:00:00,10.6
BIN-022,2026-09-14 18:00:00,13.0
BIN-022,2026-09-14 19:00:00,15.0
BIN-022,2026-09-14 20:00:00,17.3
BIN-022,2026-09-14 21:00:00,19.3
BIN-022,2026-09-14 22:00:00,21.4
BIN-022,2026-09-14 23:00:00,23.7
BIN-022,2026-09-15 00:00:00,25.7
BIN-022,2026-09-15 01:00:00,27.6
BIN-022,2026-09-15 02:00:00,30.4
BIN-022,2026-09-15 03:00:00,32.6
BIN-022,2026-09-15 04:00:00,34.9
BIN-022,2026-09-15 05:00:00,37.5
BIN-022,2026-09-15 06:00:00,40.1
BIN-022,2026-09-15 07:00:00,42.0
BIN-022,2026-09-15 08:00:00,44.0
BIN-022,2026-09-15 09:00:00,47.2
BIN-022,2026-09-15 10:00:00,49.4
BIN-022,2026-09-15 11:00:00,51.9
BIN-022,2026-09-15 12:00:00,54.2
BIN-022,2026-09-15 13:00:00,56.3
BIN-022,2026-09-15 14:00:00,58.6
BIN-022,2026-09-15 15:00:00,60.9
BIN-022,2026-09-15 16:00:00,63.2
BIN-022,2026-09-15 17:00:00,64.6
BIN-022,2026-09-15 18:00:00,66.6
BIN-022,2026-09-15 19:00:00,68.5
BIN-022,2026-09-15 20:00:00,70.1
BIN-022,2026-09-15 21:00:00,72.0
BIN-022,2026-09-15 22:00:00,73.5
BIN-022,2026-09-15 23:00:00,76.3
BIN-022,2026-09-16 00:00:00,78.4
BIN-022,2026-09-16 01:00:00,80.4
BIN-022,2026-09-16 02:00:00,82.9
BIN-022,2026-09-16 03:00:00,85.0
BIN-022,2026-09-16 04:00:00,87.4
BIN-022,2026-09-16 05:00:00,89.5
BIN-022,2026-09-16 06:00:00,91.7
BIN-022,2026-09-16 07:00:00,7.2
BIN-022,2026-09-16 08:00:00,9.2
BIN-022,2026-09-16 09:00:00,10.6
BIN-022,2026-09-16 10:00:00,12.8
BIN-022,2026-09-16 11:00:00,15.4
BIN-022,2026-09-16 12:00:00,17.3
BIN-022,2026-09-16 13:00:00,19.2
BIN-022,2026-09-16 14:00:00,21.2
BIN-022,2026-09-16 15:00:00,22.6
BIN-022,2026-09-16 16:00:00,24.5
BIN-022,2026-09-16 17:00:00,26.4
BIN-022,2026-09-16 18:00:00,28.9
BIN-022,2026-09-16 19:00:00,30.9
BIN-022,2026-09-16 20:00:00,33.4
BIN-022,2026-09-16 21:00:00,35.1
BIN-022,2026-09-16 22:00:00,38.1
BIN-022,2026-09-16 23:00:00,40.1
BIN-022,2026-09-17 00:00:00,41.9
BIN-022,2026-09-17 01:00:00,44.6
BIN-022,2026-09-17 02:00:00,46.4
BIN-022,2026-09-17 03:00:00,48.7
BIN-022,2026-09-17 04:00:00,51.8
BIN-022,2026-09-17 05:00:00,53.9
BIN-022,2026-09-17 06:00:00,55.4
BIN-022,2026-09-17 07:00:00,57.6
BIN-022,2026-09-17 08:00:00,59.6
BIN-022,2026-09-17 09:00:00,61.5
BIN-022,2026-09-17 10:00:00,63.9
BIN-022,2026-09-17 11:00:00,66.4
BIN-022,2026-09-17 12:00:00,68.8
BIN-022,2026-09-17 13:00:00,71.1
BIN-022,2026-09-17 14:00:00,72.8
BIN-022,2026-09-17 15:00:00,74.8
BIN-023,2026-09-14 16:00:00,12.2
BIN-023,2026-09-14 17:00:00,14.7
BIN-023,2026-09-14 18:00:00,16.7
BIN-023,2026-09-14 19:00:00,19.3
BIN-023,2026-09-14 20:00:00,21.3
BIN-023,2026-09-14 21:00:00,23.9
BIN-023,2026-09-14 22:00:00,26.5
BIN-023,2026-09-14 23:00:00,28.8
BIN-023,2026-09-15 00:00:00,31.0
BIN-023,2026-09-15 01:00:00,32.9
BIN-023,2026-09-15 02:00:00,34.7
BIN-023,2026-09-15 03:00:00,37.8
BIN-023,2026-09-15 04:00:00,39.8
BIN-023,2026-09-15 05:00:00,41.5
BIN-023,2026-09-15 06:00:00,43.9
BIN-023,2026-09-15 07:00:00,46.0
BIN-023,2026-09-15 08:00:00,48.3
BIN-023,2026-09-15 09:00:00,50.6
BIN-023,2026-09-15 10:00:00,52.5
BIN-023,2026-09-15 11:00:00,54.1
BIN-023,2026-09-15 12:00:00,56.4
BIN-023,2026-09-15 13:00:00,59.1
BIN-023,2026-09-15 14:00:00,61.3
BIN-023,2026-09-15 15:00:00,63.7
BIN-023,2026-09-15 16:00:00,66.2
BIN-023,2026-09-15 17:00:00,68.3
BIN-023,2026-09-15 18:00:00,70.4
BIN-023,2026-09-15 19:00:00,72.5
BIN-023,2026-09-15 20:00:00,75.1
BIN-023,2026-09-15 21:00:00,77.5
BIN-023,2026-09-15 22:00:00,79.9
BIN-023,2026-09-15 23:00:00,81.8
BIN-023,2026-09-16 00:00:00,84.8
BIN-023,2026-09-16 01:00:00,87.1
BIN-023,2026-09-16 02:00:00,89.3
BIN-023,2026-09-16 03:00:00,91.9
BIN-023,2026-09-16 04:00:00,8.5
BIN-023,2026-09-16 05:00:00,11.1
BIN-023,2026-09-16 06:00:00,14.1
BIN-023,2026-09-16 07:00:00,16.6
BIN-023,2026-09-16 08:00:00,18.8
BIN-023,2026-09-16 09:00:00,20.7
BIN-023,2026-09-16 10:00:00,22.7
BIN-023,2026-09-16 11:00:00,24.7
BIN-023,2026-09-16 12:00:00,26.8
BIN-023,2026-09-16 13:00:00,28.7
BIN-023,2026-09-16 14:00:00,30.9
BIN-023,2026-09-16 15:00:00,33.1
BIN-023,2026-09-16 16:00:00,35.1
BIN-023,2026-09-16 17:00:00,36.8
BIN-023,2026-09-16 18:00:00,39.4
BIN-023,2026-09-16 19:00:00,42.0
BIN-023,2026-09-16 20:00:00,44.2
BIN-023,2026-09-16 21:00:00,46.5
BIN-023,2026-09-16 22:00:00,48.8
BIN-023,2026-09-16 23:00:00,51.4
BIN-023,2026-09-17 00:00:00,53.9
BIN-023,2026-09-17 01:00:00,56.2
BIN-023,2026-09-17 02:00:00,58.3
BIN-023,2026-09-17 03:00:00,60.4
BIN-023,2026-09-17 04:00:00,62.9
BIN-023,2026-09-17 05:00:00,65.8
BIN-023,2026-09-17 06:00:00,68.1
BIN-023,2026-09-17 07:00:00,70.7
BIN-023,2026-09-17 08:00:00,73.4
BIN-023,2026-09-17 09:00:00,75.7
BIN-023,2026-09-17 10:00:00,77.4
BIN-023,2026-09-17 11:00:00,79.5
BIN-023,2026-09-17 12:00:00,82.2
BIN-023,2026-09-17 13:00:00,84.4
BIN-023,2026-09-17 14:00:00,87.1
BIN-023,2026-09-17 15:00:00,89.1
BIN-024,2026-09-14 16:00:00,15.9
BIN-024,2026-09-14 17:00:00,16.6
BIN-024,2026-09-14 18:00:00,17.4
BIN-024,2026-09-14 19:00:00,18.3
BIN-024,2026-09-14 20:00:00,18.9
BIN-024,2026-09-14 21:00:00,19.8
BIN-024,2026-09-14 22:00:00,20.5
BIN-024,2026-09-14 23:00:00,21.4
BIN-024,2026-09-15 00:00:00,22.3
BIN-024,2026-09-15 01:00:00,23.1
BIN-024,2026-09-15 02:00:00,24.0
BIN-024,2026-09-15 03:00:00,24.7
BIN-024,2026-09-15 04:00:00,25.6
BIN-024,2026-09-15 05:00:00,26.1
BIN-024,2026-09-15 06:00:00,26.9
BIN-024,2026-09-15 07:00:00,27.6
BIN-024,2026-09-15 08:00:00,28.4
BIN-024,2026-09-15 09:00:00,29.3
BIN-024,2026-09-15 10:00:00,30.2
BIN-024,2026-09-15 11:00:00,31.1
BIN-024,2026-09-15 12:00:00,31.9
BIN-024,2026-09-15 13:00:00,32.5
BIN-024,2026-09-15 14:00:00,33.3
BIN-024,2026-09-15 15:00:00,34.1
BIN-024,2026-09-15 16:00:00,34.8
BIN-024,2026-09-15 17:00:00,35.6
BIN-024,2026-09-15 18:00:00,36.5
BIN-024,2026-09-15 19:00:00,37.5
BIN-024,2026-09-15 20:00:00,38.2
BIN-024,2026-09-15 21:00:00,39.1
BIN-024,2026-09-15 22:00:00,39.9
BIN-024,2026-09-15 23:00:00,40.7
BIN-024,2026-09-16 00:00:00,41.4
BIN-024,2026-09-16 01:00:00,42.2
BIN-024,2026-09-16 02:00:00,42.9
BIN-024,2026-09-16 03:00:00,43.5
BIN-024,2026-09-16 04:00:00,44.2
BIN-024,2026-09-16 05:00:00,45.2
BIN-024,2026-09-16 06:00:00,45.9
BIN-024,2026-09-16 07:00:00,46.7
BIN-024,2026-09-16 08:00:00,47.6
BIN-024,2026-09-16 09:00:00,48.3
BIN-024,2026-09-16 10:00:00,49.1
BIN-024,2026-09-16 11:00:00,50.2
BIN-024,2026-09-16 12:00:00,51.0
BIN-024,2026-09-16 13:00:00,51.8
BIN-024,2026-09-16 14:00:00,52.6
BIN-024,2026-09-16 15:00:00,53.5
BIN-024,2026-09-16 16:00:00,54.3
BIN-024,2026-09-16 17:00:00,55.2
BIN-024,2026-09-16 18:00:00,55.9
BIN-024,2026-09-16 19:00:00,56.6
BIN-024,2026-09-16 20:00:00,57.5
BIN-024,2026-09-16 21:00:00,58.5
BIN-024,2026-09-16 22:00:00,59.5
BIN-024,2026-09-16 23:00:00,60.3
BIN-024,2026-09-17 00:00:00,61.0
BIN-024,2026-09-17 01:00:00,61.9
BIN-024,2026-09-17 02:00:00,62.6
BIN-024,2026-09-17 03:00:00,63.5
BIN-024,2026-09-17 04:00:00,64.2
BIN-024,2026-09-17 05:00:00,64.8
BIN-024,2026-09-17 06:00:00,65.9
BIN-024,2026-09-17 07:00:00,66.7
BIN-024,2026-09-17 08:00:00,67.4
BIN-024,2026-09-17 09:00:00,68.3
BIN-024,2026-09-17 10:00:00,68.9
BIN-024,2026-09-17 11:00:00,69.6
BIN-024,2026-09-17 12:00:00,70.3
BIN-024,2026-09-17 13:00:00,70.9
BIN-024,2026-09-17 14:00:00,71.6
BIN-024,2026-09-17 15:00:00,72.5
BIN-025,2026-09-14 16:00:00,7.2
BIN-025,2026-09-14 17:00:00,7.9
BIN-025,2026-09-14 18:00:00,8.5
BIN-025,2026-09-14 19:00:00,9.2
BIN-025,2026-09-14 20:00:00,10.0
BIN-025,2026-09-14 21:00:00,10.8
BIN-025,2026-09-14 22:00:00,11.5
BIN-025,2026-09-14 23:00:00,12.2
BIN-025,2026-09-15 00:00:00,13.0
BIN-025,2026-09-15 01:00:00,13.8
BIN-025,2026-09-15 02:00:00,14.5
BIN-025,2026-09-15 03:00:00,15.2
BIN-025,2026-09-15 04:00:00,16.0
BIN-025,2026-09-15 05:00:00,16.9
BIN-025,2026-09-15 06:00:00,17.7
BIN-025,2026-09-15 07:00:00,18.5
BIN-025,2026-09-15 08:00:00,19.3
BIN-025,2026-09-15 09:00:00,19.9
BIN-025,2026-09-15 10:00:00,20.5
BIN-025,2026-09-15 11:00:00,21.2
BIN-025,2026-09-15 12:00:00,21.9
BIN-025,2026-09-15 13:00:00,22.7
BIN-025,2026-09-15 14:00:00,23.4
BIN-025,2026-09-15 15:00:00,24.3
BIN-025,2026-09-15 16:00:00,24.9
BIN-025,2026-09-15 17:00:00,25.6
BIN-025,2026-09-15 18:00:00,26.2
BIN-025,2026-09-15 19:00:00,26.9
BIN-025,2026-09-15 20:00:00,27.7
BIN-025,2026-09-15 21:00:00,28.3
BIN-025,2026-09-15 22:00:00,29.0
BIN-025,2026-09-15 23:00:00,29.6
BIN-025,2026-09-16 00:00:00,30.4
BIN-025,2026-09-16 01:00:00,31.3
BIN-025,2026-09-16 02:00:00,31.9
BIN-025,2026-09-16 03:00:00,32.6
BIN-025,2026-09-16 04:00:00,33.3
BIN-025,2026-09-16 05:00:00,34.2
BIN-025,2026-09-16 06:00:00,35.0
BIN-025,2026-09-16 07:00:00,35.8
BIN-025,2026-09-16 08:00:00,36.4
BIN-025,2026-09-16 09:00:00,37.1
BIN-025,2026-09-16 10:00:00,37.8
BIN-025,2026-09-16 11:00:00,38.4
BIN-025,2026-09-16 12:00:00,39.2
BIN-025,2026-09-16 13:00:00,39.8
BIN-025,2026-09-16 14:00:00,40.4
BIN-025,2026-09-16 15:00:00,41.1
BIN-025,2026-09-16 16:00:00,42.1
BIN-025,2026-09-16 17:00:00,42.6
BIN-025,2026-09-16 18:00:00,43.2
BIN-025,2026-09-16 19:00:00,44.0
BIN-025,2026-09-16 20:00:00,44.5
BIN-025,2026-09-16 21:00:00,45.2
BIN-025,2026-09-16 22:00:00,45.9
BIN-025,2026-09-16 23:00:00,46.6
BIN-025,2026-09-17 00:00:00,47.3
BIN-025,2026-09-17 01:00:00,48.2
BIN-025,2026-09-17 02:00:00,49.0
BIN-025,2026-09-17 03:00:00,49.6
BIN-025,2026-09-17 04:00:00,50.2
BIN-025,2026-09-17 05:00:00,51.1
BIN-025,2026-09-17 06:00:00,51.8
BIN-025,2026-09-17 07:00:00,52.4
BIN-025,2026-09-17 08:00:00,53.2
BIN-025,2026-09-17 09:00:00,54.0
BIN-025,2026-09-17 10:00:00,54.9
BIN-025,2026-09-17 11:00:00,55.6
BIN-025,2026-09-17 12:00:00,56.5
BIN-025,2026-09-17 13:00:00,57.3
BIN-025,2026-09-17 14:00:00,57.9
BIN-025,2026-09-17 15:00:00,58.6
BIN-026,2026-09-14 16:00:00,17.3
BIN-026,2026-09-14 17:00:00,19.2
BIN-026,2026-09-14 18:00:00,21.0
BIN-026,2026-09-14 19:00:00,23.2
BIN-026,2026-09-14 20:00:00,25.0
BIN-026,2026-09-14 21:00:00,27.4
BIN-026,2026-09-14 22:00:00,29.1
BIN-026,2026-09-14 23:00:00,30.9
BIN-026,2026-09-15 00:00:00,32.2
BIN-026,2026-09-15 01:00:00,33.7
BIN-026,2026-09-15 02:00:00,36.2
BIN-026,2026-09-15 03:00:00,37.8
BIN-026,2026-09-15 04:00:00,39.8
BIN-026,2026-09-15 05:00:00,41.9
BIN-026,2026-09-15 06:00:00,44.0
BIN-026,2026-09-15 07:00:00,46.4
BIN-026,2026-09-15 08:00:00,49.1
BIN-026,2026-09-15 09:00:00,50.9
BIN-026,2026-09-15 10:00:00,52.8
BIN-026,2026-09-15 11:00:00,55.1
BIN-026,2026-09-15 12:00:00,56.8
BIN-026,2026-09-15 13:00:00,58.3
BIN-026,2026-09-15 14:00:00,60.4
BIN-026,2026-09-15 15:00:00,62.1
BIN-026,2026-09-15 16:00:00,63.9
BIN-026,2026-09-15 17:00:00,65.7
BIN-026,2026-09-15 18:00:00,67.6
BIN-026,2026-09-15 19:00:00,69.6
BIN-026,2026-09-15 20:00:00,71.3
BIN-026,2026-09-15 21:00:00,74.2
BIN-026,2026-09-15 22:00:00,75.4
BIN-026,2026-09-15 23:00:00,77.8
BIN-026,2026-09-16 00:00:00,79.7
BIN-026,2026-09-16 01:00:00,81.4
BIN-026,2026-09-16 02:00:00,83.3
BIN-026,2026-09-16 03:00:00,85.5
BIN-026,2026-09-16 04:00:00,87.4
BIN-026,2026-09-16 05:00:00,89.3
BIN-026,2026-09-16 06:00:00,91.2
BIN-026,2026-09-16 07:00:00,5.0
BIN-026,2026-09-16 08:00:00,7.1
BIN-026,2026-09-16 09:00:00,9.1
BIN-026,2026-09-16 10:00:00,11.4
BIN-026,2026-09-16 11:00:00,13.6
BIN-026,2026-09-16 12:00:00,15.7
BIN-026,2026-09-16 13:00:00,17.6
BIN-026,2026-09-16 14:00:00,19.5
BIN-026,2026-09-16 15:00:00,21.6
BIN-026,2026-09-16 16:00:00,23.9
BIN-026,2026-09-16 17:00:00,25.9
BIN-026,2026-09-16 18:00:00,28.1
BIN-026,2026-09-16 19:00:00,30.2
BIN-026,2026-09-16 20:00:00,31.7
BIN-026,2026-09-16 21:00:00,33.3
BIN-026,2026-09-16 22:00:00,35.7
BIN-026,2026-09-16 23:00:00,37.5
BIN-026,2026-09-17 00:00:00,39.2
BIN-026,2026-09-17 01:00:00,41.6
BIN-026,2026-09-17 02:00:00,43.2
BIN-026,2026-09-17 03:00:00,45.5
BIN-026,2026-09-17 04:00:00,47.7
BIN-026,2026-09-17 05:00:00,49.7
BIN-026,2026-09-17 06:00:00,51.4
BIN-026,2026-09-17 07:00:00,53.6
BIN-026,2026-09-17 08:00:00,55.3
BIN-026,2026-09-17 09:00:00,57.4
BIN-026,2026-09-17 10:00:00,59.5
BIN-026,2026-09-17 11:00:00,61.5
BIN-026,2026-09-17 12:00:00,63.2
BIN-026,2026-09-17 13:00:00,64.7
BIN-026,2026-09-17 14:00:00,66.6
BIN-026,2026-09-17 15:00:00,68.7
BIN-027,2026-09-14 16:00:00,18.9
BIN-027,2026-09-14 17:00:00,20.2
BIN-027,2026-09-14 18:00:00,21.4
BIN-027,2026-09-14 19:00:00,22.5
BIN-027,2026-09-14 20:00:00,23.7
BIN-027,2026-09-14 21:00:00,24.6
BIN-027,2026-09-14 22:00:00,25.6
BIN-027,2026-09-14 23:00:00,26.8
BIN-027,2026-09-15 00:00:00,28.1
BIN-027,2026-09-15 01:00:00,29.3
BIN-027,2026-09-15 02:00:00,30.5
BIN-027,2026-09-15 03:00:00,32.0
BIN-027,2026-09-15 04:00:00,33.2
BIN-027,2026-09-15 05:00:00,34.2
BIN-027,2026-09-15 06:00:00,35.4
BIN-027,2026-09-15 07:00:00,36.1
BIN-027,2026-09-15 08:00:00,37.3
BIN-027,2026-09-15 09:00:00,38.4
BIN-027,2026-09-15 10:00:00,39.3
BIN-027,2026-09-15 11:00:00,40.2
BIN-027,2026-09-15 12:00:00,41.5
BIN-027,2026-09-15 13:00:00,42.6
BIN-027,2026-09-15 14:00:00,43.6
BIN-027,2026-09-15 15:00:00,44.9
BIN-027,2026-09-15 16:00:00,46.1
BIN-027,2026-09-15 17:00:00,47.4
BIN-027,2026-09-15 18:00:00,48.4
BIN-027,2026-09-15 19:00:00,49.6
BIN-027,2026-09-15 20:00:00,51.1
BIN-027,2026-09-15 21:00:00,52.4
BIN-027,2026-09-15 22:00:00,53.5
BIN-027,2026-09-15 23:00:00,54.8
BIN-027,2026-09-16 00:00:00,56.1
BIN-027,2026-09-16 01:00:00,57.6
BIN-027,2026-09-16 02:00:00,58.7
BIN-027,2026-09-16 03:00:00,59.9
BIN-027,2026-09-16 04:00:00,61.2
BIN-027,2026-09-16 05:00:00,62.4
BIN-027,2026-09-16 06:00:00,63.5
BIN-027,2026-09-16 07:00:00,64.9
BIN-027,2026-09-16 08:00:00,65.7
BIN-027,2026-09-16 09:00:00,66.9
BIN-027,2026-09-16 10:00:00,68.1
BIN-027,2026-09-16 11:00:00,69.1
BIN-027,2026-09-16 12:00:00,70.3
BIN-027,2026-09-16 13:00:00,71.4
BIN-027,2026-09-16 14:00:00,72.4
BIN-027,2026-09-16 15:00:00,73.5
BIN-027,2026-09-16 16:00:00,75.0
BIN-027,2026-09-16 17:00:00,76.2
BIN-027,2026-09-16 18:00:00,77.0
BIN-027,2026-09-16 19:00:00,78.3
BIN-027,2026-09-16 20:00:00,79.4
BIN-027,2026-09-16 21:00:00,80.5
BIN-027,2026-09-16 22:00:00,81.6
BIN-027,2026-09-16 23:00:00,82.6
BIN-027,2026-09-17 00:00:00,83.9
BIN-027,2026-09-17 01:00:00,84.9
BIN-027,2026-09-17 02:00:00,86.0
BIN-027,2026-09-17 03:00:00,87.0
BIN-027,2026-09-17 04:00:00,88.4
BIN-027,2026-09-17 05:00:00,89.2
BIN-027,2026-09-17 06:00:00,90.3
BIN-027,2026-09-17 07:00:00,7.2
BIN-027,2026-09-17 08:00:00,8.1
BIN-027,2026-09-17 09:00:00,9.4
BIN-027,2026-09-17 10:00:00,10.4
BIN-027,2026-09-17 11:00:00,11.9
BIN-027,2026-09-17 12:00:00,13.3
BIN-027,2026-09-17 13:00:00,14.3
BIN-027,2026-09-17 14:00:00,15.7
BIN-027,2026-09-17 15:00:00,17.0
BIN-028,2026-09-14 16:00:00,12.8
BIN-028,2026-09-14 17:00:00,14.1
BIN-028,2026-09-14 18:00:00,15.4
BIN-028,2026-09-14 19:00:00,16.9
BIN-028,2026-09-14 20:00:00,18.0
BIN-028,2026-09-14 21:00:00,19.3
BIN-028,2026-09-14 22:00:00,20.4
BIN-028,2026-09-14 23:00:00,21.8
BIN-028,2026-09-15 00:00:00,23.2
BIN-028,2026-09-15 01:00:00,24.5
BIN-028,2026-09-15 02:00:00,25.9
BIN-028,2026-09-15 03:00:00,27.0
BIN-028,2026-09-15 04:00:00,28.4
BIN-028,2026-09-15 05:00:00,29.8
BIN-028,2026-09-15 06:00:00,31.0
BIN-028,2026-09-15 07:00:00,32.1
BIN-028,2026-09-15 08:00:00,33.6
BIN-028,2026-09-15 09:00:00,34.8
BIN-028,2026-09-15 10:00:00,36.2
BIN-028,2026-09-15 11:00:00,37.3
BIN-028,2026-09-15 12:00:00,38.5
BIN-028,2026-09-15 13:00:00,39.9
BIN-028,2026-09-15 14:00:00,41.5
BIN-028,2026-09-15 15:00:00,42.9
BIN-028,2026-09-15 16:00:00,44.1
BIN-028,2026-09-15 17:00:00,45.6
BIN-028,2026-09-15 18:00:00,46.7
BIN-028,2026-09-15 19:00:00,48.0
BIN-028,2026-09-15 20:00:00,49.2
BIN-028,2026-09-15 21:00:00,50.2
BIN-028,2026-09-15 22:00:00,51.8
BIN-028,2026-09-15 23:00:00,53.0
BIN-028,2026-09-16 00:00:00,54.2
BIN-028,2026-09-16 01:00:00,55.4
BIN-028,2026-09-16 02:00:00,56.5
BIN-028,2026-09-16 03:00:00,57.7
BIN-028,2026-09-16 04:00:00,58.4
BIN-028,2026-09-16 05:00:00,59.8
BIN-028,2026-09-16 06:00:00,60.7
BIN-028,2026-09-16 07:00:00,61.6
BIN-028,2026-09-16 08:00:00,63.1
BIN-028,2026-09-16 09:00:00,64.5
BIN-028,2026-09-16 10:00:00,65.6
BIN-028,2026-09-16 11:00:00,67.1
BIN-028,2026-09-16 12:00:00,68.4
BIN-028,2026-09-16 13:00:00,69.7
BIN-028,2026-09-16 14:00:00,71.0
BIN-028,2026-09-16 15:00:00,72.0
BIN-028,2026-09-16 16:00:00,73.2
BIN-028,2026-09-16 17:00:00,74.9
BIN-028,2026-09-16 18:00:00,76.2
BIN-028,2026-09-16 19:00:00,77.3
BIN-028,2026-09-16 20:00:00,78.7
BIN-028,2026-09-16 21:00:00,80.1
BIN-028,2026-09-16 22:00:00,81.1
BIN-028,2026-09-16 23:00:00,82.3
BIN-028,2026-09-17 00:00:00,83.4
BIN-028,2026-09-17 01:00:00,85.0
BIN-028,2026-09-17 02:00:00,86.4
BIN-028,2026-09-17 03:00:00,87.5
BIN-028,2026-09-17 04:00:00,88.8
BIN-028,2026-09-17 05:00:00,90.3
BIN-028,2026-09-17 06:00:00,4.9
BIN-028,2026-09-17 07:00:00,6.3
BIN-028,2026-09-17 08:00:00,7.3
BIN-028,2026-09-17 09:00:00,8.7
BIN-028,2026-09-17 10:00:00,9.8
BIN-028,2026-09-17 11:00:00,11.1
BIN-028,2026-09-17 12:00:00,12.7
BIN-028,2026-09-17 13:00:00,13.9
BIN-028,2026-09-17 14:00:00,15.3
BIN-028,2026-09-17 15:00:00,16.5
BIN-029,2026-09-14 16:00:00,29.9
BIN-029,2026-09-14 17:00:00,31.5
BIN-029,2026-09-14 18:00:00,34.3
BIN-029,2026-09-14 19:00:00,37.2
BIN-029,2026-09-14 20:00:00,39.8
BIN-029,2026-09-14 21:00:00,42.2
BIN-029,2026-09-14 22:00:00,44.8
BIN-029,2026-09-14 23:00:00,47.7
BIN-029,2026-09-15 00:00:00,50.9
BIN-029,2026-09-15 01:00:00,54.0
BIN-029,2026-09-15 02:00:00,56.9
BIN-029,2026-09-15 03:00:00,59.3
BIN-029,2026-09-15 04:00:00,61.7
BIN-029,2026-09-15 05:00:00,63.4
BIN-029,2026-09-15 06:00:00,66.0
BIN-029,2026-09-15 07:00:00,68.7
BIN-029,2026-09-15 08:00:00,72.1
BIN-029,2026-09-15 09:00:00,73.6
BIN-029,2026-09-15 10:00:00,76.1
BIN-029,2026-09-15 11:00:00,78.3
BIN-029,2026-09-15 12:00:00,80.9
BIN-029,2026-09-15 13:00:00,83.3
BIN-029,2026-09-15 14:00:00,86.8
BIN-029,2026-09-15 15:00:00,90.1
BIN-029,2026-09-15 16:00:00,8.9
BIN-029,2026-09-15 17:00:00,10.7
BIN-029,2026-09-15 18:00:00,13.3
BIN-029,2026-09-15 19:00:00,15.8
BIN-029,2026-09-15 20:00:00,18.8
BIN-029,2026-09-15 21:00:00,21.2
BIN-029,2026-09-15 22:00:00,23.4
BIN-029,2026-09-15 23:00:00,26.6
BIN-029,2026-09-16 00:00:00,29.0
BIN-029,2026-09-16 01:00:00,31.7
BIN-029,2026-09-16 02:00:00,34.6
BIN-029,2026-09-16 03:00:00,38.1
BIN-029,2026-09-16 04:00:00,40.8
BIN-029,2026-09-16 05:00:00,43.6
BIN-029,2026-09-16 06:00:00,46.7
BIN-029,2026-09-16 07:00:00,49.8
BIN-029,2026-09-16 08:00:00,52.1
BIN-029,2026-09-16 09:00:00,54.9
BIN-029,2026-09-16 10:00:00,58.1
BIN-029,2026-09-16 11:00:00,60.2
BIN-029,2026-09-16 12:00:00,63.1
BIN-029,2026-09-16 13:00:00,64.5
BIN-029,2026-09-16 14:00:00,67.1
BIN-029,2026-09-16 15:00:00,69.6
BIN-029,2026-09-16 16:00:00,72.5
BIN-029,2026-09-16 17:00:00,75.3
BIN-029,2026-09-16 18:00:00,77.9
BIN-029,2026-09-16 19:00:00,81.0
BIN-029,2026-09-16 20:00:00,83.4
BIN-029,2026-09-16 21:00:00,85.6
BIN-029,2026-09-16 22:00:00,87.6
BIN-029,2026-09-16 23:00:00,90.4
BIN-029,2026-09-17 00:00:00,7.9
BIN-029,2026-09-17 01:00:00,10.7
BIN-029,2026-09-17 02:00:00,12.5
BIN-029,2026-09-17 03:00:00,15.6
BIN-029,2026-09-17 04:00:00,18.9
BIN-029,2026-09-17 05:00:00,21.3
BIN-029,2026-09-17 06:00:00,23.6
BIN-029,2026-09-17 07:00:00,25.6
BIN-029,2026-09-17 08:00:00,27.7
BIN-029,2026-09-17 09:00:00,30.5
BIN-029,2026-09-17 10:00:00,33.5
BIN-029,2026-09-17 11:00:00,36.3
BIN-029,2026-09-17 12:00:00,39.6
BIN-029,2026-09-17 13:00:00,42.3
BIN-029,2026-09-17 14:00:00,44.9
BIN-029,2026-09-17 15:00:00,47.4
BIN-030,2026-09-14 16:00:00,10.5
BIN-030,2026-09-14 17:00:00,12.1
BIN-030,2026-09-14 18:00:00,13.8
BIN-030,2026-09-14 19:00:00,15.6
BIN-030,2026-09-14 20:00:00,16.9
BIN-030,2026-09-14 21:00:00,19.0
BIN-030,2026-09-14 22:00:00,20.2
BIN-030,2026-09-14 23:00:00,21.9
BIN-030,2026-09-15 00:00:00,23.8
BIN-030,2026-09-15 01:00:00,25.3
BIN-030,2026-09-15 02:00:00,26.9
BIN-030,2026-09-15 03:00:00,28.3
BIN-030,2026-09-15 04:00:00,29.7
BIN-030,2026-09-15 05:00:00,31.3
BIN-030,2026-09-15 06:00:00,32.7
BIN-030,2026-09-15 07:00:00,34.2
BIN-030,2026-09-15 08:00:00,35.8
BIN-030,2026-09-15 09:00:00,37.4
BIN-030,2026-09-15 10:00:00,39.0
BIN-030,2026-09-15 11:00:00,40.2
BIN-030,2026-09-15 12:00:00,41.7
BIN-030,2026-09-15 13:00:00,43.0
BIN-030,2026-09-15 14:00:00,44.6
BIN-030,2026-09-15 15:00:00,46.2
BIN-030,2026-09-15 16:00:00,47.9
BIN-030,2026-09-15 17:00:00,49.4
BIN-030,2026-09-15 18:00:00,51.0
BIN-030,2026-09-15 19:00:00,52.3
BIN-030,2026-09-15 20:00:00,54.2
BIN-030,2026-09-15 21:00:00,56.0
BIN-030,2026-09-15 22:00:00,57.3
BIN-030,2026-09-15 23:00:00,58.8
BIN-030,2026-09-16 00:00:00,60.4
BIN-030,2026-09-16 01:00:00,62.0
BIN-030,2026-09-16 02:00:00,63.5
BIN-030,2026-09-16 03:00:00,64.7
BIN-030,2026-09-16 04:00:00,66.4
BIN-030,2026-09-16 05:00:00,68.1
BIN-030,2026-09-16 06:00:00,69.5
BIN-030,2026-09-16 07:00:00,70.9
BIN-030,2026-09-16 08:00:00,72.2
BIN-030,2026-09-16 09:00:00,73.3
BIN-030,2026-09-16 10:00:00,74.8
BIN-030,2026-09-16 11:00:00,76.7
BIN-030,2026-09-16 12:00:00,78.4
BIN-030,2026-09-16 13:00:00,80.0
BIN-030,2026-09-16 14:00:00,81.7
BIN-030,2026-09-16 15:00:00,83.2
BIN-030,2026-09-16 16:00:00,84.4
BIN-030,2026-09-16 17:00:00,85.4
BIN-030,2026-09-16 18:00:00,87.1
BIN-030,2026-09-16 19:00:00,88.4
BIN-030,2026-09-16 20:00:00,90.1
BIN-030,2026-09-16 21:00:00,7.7
BIN-030,2026-09-16 22:00:00,9.2
BIN-030,2026-09-16 23:00:00,11.0
BIN-030,2026-09-17 00:00:00,12.6
BIN-030,2026-09-17 01:00:00,14.0
BIN-030,2026-09-17 02:00:00,15.7
BIN-030,2026-09-17 03:00:00,17.5
BIN-030,2026-09-17 04:00:00,19.0
BIN-030,2026-09-17 05:00:00,20.4
BIN-030,2026-09-17 06:00:00,21.5
BIN-030,2026-09-17 07:00:00,23.1
BIN-030,2026-09-17 08:00:00,24.5
BIN-030,2026-09-17 09:00:00,25.9
BIN-030,2026-09-17 10:00:00,27.5
BIN-030,2026-09-17 11:00:00,29.1
BIN-030,2026-09-17 12:00:00,31.0
BIN-030,2026-09-17 13:00:00,32.5
BIN-030,2026-09-17 14:00:00,33.7
BIN-030,2026-09-17 15:00:00,35.4
BIN-031,2026-09-14 16:00:00,10.3
BIN-031,2026-09-14 17:00:00,13.1
BIN-031,2026-09-14 18:00:00,15.3
BIN-031,2026-09-14 19:00:00,16.9
BIN-031,2026-09-14 20:00:00,18.8
BIN-031,2026-09-14 21:00:00,21.1
BIN-031,2026-09-14 22:00:00,24.0
BIN-031,2026-09-14 23:00:00,26.5
BIN-031,2026-09-15 00:00:00,29.0
BIN-031,2026-09-15 01:00:00,31.3
BIN-031,2026-09-15 02:00:00,32.8
BIN-031,2026-09-15 03:00:00,35.1
BIN-031,2026-09-15 04:00:00,37.2
BIN-031,2026-09-15 05:00:00,38.8
BIN-031,2026-09-15 06:00:00,41.2
BIN-031,2026-09-15 07:00:00,43.5
BIN-031,2026-09-15 08:00:00,45.6
BIN-031,2026-09-15 09:00:00,47.8
BIN-031,2026-09-15 10:00:00,50.3
BIN-031,2026-09-15 11:00:00,52.0
BIN-031,2026-09-15 12:00:00,54.1
BIN-031,2026-09-15 13:00:00,55.9
BIN-031,2026-09-15 14:00:00,58.3
BIN-031,2026-09-15 15:00:00,59.9
BIN-031,2026-09-15 16:00:00,62.2
BIN-031,2026-09-15 17:00:00,64.3
BIN-031,2026-09-15 18:00:00,66.3
BIN-031,2026-09-15 19:00:00,68.8
BIN-031,2026-09-15 20:00:00,71.4
BIN-031,2026-09-15 21:00:00,73.9
BIN-031,2026-09-15 22:00:00,76.1
BIN-031,2026-09-15 23:00:00,79.0
BIN-031,2026-09-16 00:00:00,81.1
BIN-031,2026-09-16 01:00:00,83.5
BIN-031,2026-09-16 02:00:00,85.7
BIN-031,2026-09-16 03:00:00,87.4
BIN-031,2026-09-16 04:00:00,89.8
BIN-031,2026-09-16 05:00:00,91.8
BIN-031,2026-09-16 06:00:00,7.1
BIN-031,2026-09-16 07:00:00,9.7
BIN-031,2026-09-16 08:00:00,12.2
BIN-031,2026-09-16 09:00:00,15.0
BIN-031,2026-09-16 10:00:00,17.0
BIN-031,2026-09-16 11:00:00,19.1
BIN-031,2026-09-16 12:00:00,21.6
BIN-031,2026-09-16 13:00:00,24.1
BIN-031,2026-09-16 14:00:00,26.1
BIN-031,2026-09-16 15:00:00,28.0
BIN-031,2026-09-16 16:00:00,30.2
BIN-031,2026-09-16 17:00:00,33.0
BIN-031,2026-09-16 18:00:00,34.8
BIN-031,2026-09-16 19:00:00,36.8
BIN-031,2026-09-16 20:00:00,38.8
BIN-031,2026-09-16 21:00:00,40.4
BIN-031,2026-09-16 22:00:00,43.0
BIN-031,2026-09-16 23:00:00,45.5
BIN-031,2026-09-17 00:00:00,47.4
BIN-031,2026-09-17 01:00:00,49.7
BIN-031,2026-09-17 02:00:00,52.1
BIN-031,2026-09-17 03:00:00,54.3
BIN-031,2026-09-17 04:00:00,56.1
BIN-031,2026-09-17 05:00:00,58.8
BIN-031,2026-09-17 06:00:00,61.0
BIN-031,2026-09-17 07:00:00,63.5
BIN-031,2026-09-17 08:00:00,65.3
BIN-031,2026-09-17 09:00:00,66.9
BIN-031,2026-09-17 10:00:00,69.4
BIN-031,2026-09-17 11:00:00,71.1
BIN-031,2026-09-17 12:00:00,73.3
BIN-031,2026-09-17 13:00:00,75.2
BIN-031,2026-09-17 14:00:00,77.6
BIN-031,2026-09-17 15:00:00,79.3
BIN-032,2026-09-14 16:00:00,11.1
BIN-032,2026-09-14 17:00:00,12.6
BIN-032,2026-09-14 18:00:00,14.5
BIN-032,2026-09-14 19:00:00,16.4
BIN-032,2026-09-14 20:00:00,17.8
BIN-032,2026-09-14 21:00:00,19.6
BIN-032,2026-09-14 22:00:00,21.1
BIN-032,2026-09-14 23:00:00,22.5
BIN-032,2026-09-15 00:00:00,24.2
BIN-032,2026-09-15 01:00:00,25.8
BIN-032,2026-09-15 02:00:00,27.5
BIN-032,2026-09-15 03:00:00,29.0
BIN-032,2026-09-15 04:00:00,30.7
BIN-032,2026-09-15 05:00:00,32.5
BIN-032,2026-09-15 06:00:00,34.0
BIN-032,2026-09-15 07:00:00,35.7
BIN-032,2026-09-15 08:00:00,36.8
BIN-032,2026-09-15 09:00:00,38.5
BIN-032,2026-09-15 10:00:00,39.5
BIN-032,2026-09-15 11:00:00,40.8
BIN-032,2026-09-15 12:00:00,42.4
BIN-032,2026-09-15 13:00:00,43.9
BIN-032,2026-09-15 14:00:00,45.1
BIN-032,2026-09-15 15:00:00,46.8
BIN-032,2026-09-15 16:00:00,48.6
BIN-032,2026-09-15 17:00:00,50.0
BIN-032,2026-09-15 18:00:00,51.7
BIN-032,2026-09-15 19:00:00,53.7
BIN-032,2026-09-15 20:00:00,55.1
BIN-032,2026-09-15 21:00:00,56.4
BIN-032,2026-09-15 22:00:00,58.4
BIN-032,2026-09-15 23:00:00,60.3
BIN-032,2026-09-16 00:00:00,62.0
BIN-032,2026-09-16 01:00:00,63.2
BIN-032,2026-09-16 02:00:00,65.3
BIN-032,2026-09-16 03:00:00,66.8
BIN-032,2026-09-16 04:00:00,68.5
BIN-032,2026-09-16 05:00:00,70.1
BIN-032,2026-09-16 06:00:00,71.5
BIN-032,2026-09-16 07:00:00,72.8
BIN-032,2026-09-16 08:00:00,74.0
BIN-032,2026-09-16 09:00:00,75.4
BIN-032,2026-09-16 10:00:00,76.8
BIN-032,2026-09-16 11:00:00,78.0
BIN-032,2026-09-16 12:00:00,79.5
BIN-032,2026-09-16 13:00:00,81.2
BIN-032,2026-09-16 14:00:00,82.7
BIN-032,2026-09-16 15:00:00,84.3
BIN-032,2026-09-16 16:00:00,86.2
BIN-032,2026-09-16 17:00:00,87.2
BIN-032,2026-09-16 18:00:00,88.8
BIN-032,2026-09-16 19:00:00,90.5
BIN-032,2026-09-16 20:00:00,10.3
BIN-032,2026-09-16 21:00:00,11.7
BIN-032,2026-09-16 22:00:00,13.2
BIN-032,2026-09-16 23:00:00,14.7
BIN-032,2026-09-17 00:00:00,16.3
BIN-032,2026-09-17 01:00:00,17.8
BIN-032,2026-09-17 02:00:00,19.0
BIN-032,2026-09-17 03:00:00,20.4
BIN-032,2026-09-17 04:00:00,21.7
BIN-032,2026-09-17 05:00:00,23.2
BIN-032,2026-09-17 06:00:00,24.9
BIN-032,2026-09-17 07:00:00,26.4
BIN-032,2026-09-17 08:00:00,28.0
BIN-032,2026-09-17 09:00:00,29.4
BIN-032,2026-09-17 10:00:00,31.0
BIN-032,2026-09-17 11:00:00,32.5
BIN-032,2026-09-17 12:00:00,33.7
BIN-032,2026-09-17 13:00:00,35.5
BIN-032,2026-09-17 14:00:00,37.3
BIN-032,2026-09-17 15:00:00,38.7
BIN-033,2026-09-14 16:00:00,18.5
BIN-033,2026-09-14 17:00:00,19.9
BIN-033,2026-09-14 18:00:00,21.4
BIN-033,2026-09-14 19:00:00,23.1
BIN-033,2026-09-14 20:00:00,24.4
BIN-033,2026-09-14 21:00:00,26.0
BIN-033,2026-09-14 22:00:00,28.0
BIN-033,2026-09-14 23:00:00,29.8
BIN-033,2026-09-15 00:00:00,31.4
BIN-033,2026-09-15 01:00:00,33.1
BIN-033,2026-09-15 02:00:00,35.4
BIN-033,2026-09-15 03:00:00,37.4
BIN-033,2026-09-15 04:00:00,38.7
BIN-033,2026-09-15 05:00:00,40.6
BIN-033,2026-09-15 06:00:00,42.5
BIN-033,2026-09-15 07:00:00,43.9
BIN-033,2026-09-15 08:00:00,46.0
BIN-033,2026-09-15 09:00:00,47.7
BIN-033,2026-09-15 10:00:00,49.3
BIN-033,2026-09-15 11:00:00,51.0
BIN-033,2026-09-15 12:00:00,52.5
BIN-033,2026-09-15 13:00:00,54.4
BIN-033,2026-09-15 14:00:00,56.1
BIN-033,2026-09-15 15:00:00,57.7
BIN-033,2026-09-15 16:00:00,59.3
BIN-033,2026-09-15 17:00:00,61.1
BIN-033,2026-09-15 18:00:00,63.0
BIN-033,2026-09-15 19:00:00,64.5
BIN-033,2026-09-15 20:00:00,65.7
BIN-033,2026-09-15 21:00:00,67.3
BIN-033,2026-09-15 22:00:00,69.0
BIN-033,2026-09-15 23:00:00,70.9
BIN-033,2026-09-16 00:00:00,72.6
BIN-033,2026-09-16 01:00:00,74.4
BIN-033,2026-09-16 02:00:00,76.5
BIN-033,2026-09-16 03:00:00,78.1
BIN-033,2026-09-16 04:00:00,79.8
BIN-033,2026-09-16 05:00:00,81.5
BIN-033,2026-09-16 06:00:00,83.1
BIN-033,2026-09-16 07:00:00,85.0
BIN-033,2026-09-16 08:00:00,86.9
BIN-033,2026-09-16 09:00:00,89.1
BIN-033,2026-09-16 10:00:00,91.0
BIN-033,2026-09-16 11:00:00,9.7
BIN-033,2026-09-16 12:00:00,11.8
BIN-033,2026-09-16 13:00:00,13.5
BIN-033,2026-09-16 14:00:00,15.3
BIN-033,2026-09-16 15:00:00,17.8
BIN-033,2026-09-16 16:00:00,19.5
BIN-033,2026-09-16 17:00:00,21.5
BIN-033,2026-09-16 18:00:00,23.2
BIN-033,2026-09-16 19:00:00,25.3
BIN-033,2026-09-16 20:00:00,27.3
BIN-033,2026-09-16 21:00:00,29.3
BIN-033,2026-09-16 22:00:00,30.8
BIN-033,2026-09-16 23:00:00,32.8
BIN-033,2026-09-17 00:00:00,34.7
BIN-033,2026-09-17 01:00:00,36.6
BIN-033,2026-09-17 02:00:00,38.0
BIN-033,2026-09-17 03:00:00,39.8
BIN-033,2026-09-17 04:00:00,41.7
BIN-033,2026-09-17 05:00:00,43.7
BIN-033,2026-09-17 06:00:00,45.8
BIN-033,2026-09-17 07:00:00,47.3
BIN-033,2026-09-17 08:00:00,48.7
BIN-033,2026-09-17 09:00:00,51.0
BIN-033,2026-09-17 10:00:00,52.7
BIN-033,2026-09-17 11:00:00,54.8
BIN-033,2026-09-17 12:00:00,57.0
BIN-033,2026-09-17 13:00:00,59.1
BIN-033,2026-09-17 14:00:00,61.2
BIN-033,2026-09-17 15:00:00,63.0
BIN-034,2026-09-14 16:00:00,22.2
BIN-034,2026-09-14 17:00:00,23.1
BIN-034,2026-09-14 18:00:00,24.1
BIN-034,2026-09-14 19:00:00,25.1
BIN-034,2026-09-14 20:00:00,25.8
BIN-034,2026-09-14 21:00:00,27.0
BIN-034,2026-09-14 22:00:00,28.0
BIN-034,2026-09-14 23:00:00,29.4
BIN-034,2026-09-15 00:00:00,30.5
BIN-034,2026-09-15 01:00:00,31.8
BIN-034,2026-09-15 02:00:00,33.0
BIN-034,2026-09-15 03:00:00,34.2
BIN-034,2026-09-15 04:00:00,35.4
BIN-034,2026-09-15 05:00:00,36.3
BIN-034,2026-09-15 06:00:00,37.5
BIN-034,2026-09-15 07:00:00,38.6
BIN-034,2026-09-15 08:00:00,39.4
BIN-034,2026-09-15 09:00:00,40.3
BIN-034,2026-09-15 10:00:00,41.5
BIN-034,2026-09-15 11:00:00,42.6
BIN-034,2026-09-15 12:00:00,43.6
BIN-034,2026-09-15 13:00:00,44.3
BIN-034,2026-09-15 14:00:00,45.3
BIN-034,2026-09-15 15:00:00,46.5
BIN-034,2026-09-15 16:00:00,47.4
BIN-034,2026-09-15 17:00:00,48.3
BIN-034,2026-09-15 18:00:00,49.2
BIN-034,2026-09-15 19:00:00,50.5
BIN-034,2026-09-15 20:00:00,51.5
BIN-034,2026-09-15 21:00:00,52.5
BIN-034,2026-09-15 22:00:00,53.4
BIN-034,2026-09-15 23:00:00,54.8
BIN-034,2026-09-16 00:00:00,55.7
BIN-034,2026-09-16 01:00:00,56.9
BIN-034,2026-09-16 02:00:00,58.1
BIN-034,2026-09-16 03:00:00,59.1
BIN-034,2026-09-16 04:00:00,60.3
BIN-034,2026-09-16 05:00:00,61.3
BIN-034,2026-09-16 06:00:00,62.3
BIN-034,2026-09-16 07:00:00,63.2
BIN-034,2026-09-16 08:00:00,64.2
BIN-034,2026-09-16 09:00:00,65.5
BIN-034,2026-09-16 10:00:00,66.5
BIN-034,2026-09-16 11:00:00,67.6
BIN-034,2026-09-16 12:00:00,68.8
BIN-034,2026-09-16 13:00:00,70.0
BIN-034,2026-09-16 14:00:00,70.9
BIN-034,2026-09-16 15:00:00,72.4
BIN-034,2026-09-16 16:00:00,73.6
BIN-034,2026-09-16 17:00:00,74.6
BIN-034,2026-09-16 18:00:00,75.7
BIN-034,2026-09-16 19:00:00,77.0
BIN-034,2026-09-16 20:00:00,77.9
BIN-034,2026-09-16 21:00:00,79.0
BIN-034,2026-09-16 22:00:00,79.9
BIN-034,2026-09-16 23:00:00,80.8
BIN-034,2026-09-17 00:00:00,81.8
BIN-034,2026-09-17 01:00:00,82.8
BIN-034,2026-09-17 02:00:00,83.7
BIN-034,2026-09-17 03:00:00,84.7
BIN-034,2026-09-17 04:00:00,85.8
BIN-034,2026-09-17 05:00:00,86.8
BIN-034,2026-09-17 06:00:00,88.0
BIN-034,2026-09-17 07:00:00,88.8
BIN-034,2026-09-17 08:00:00,90.0
BIN-034,2026-09-17 09:00:00,90.5
BIN-034,2026-09-17 10:00:00,4.9
BIN-034,2026-09-17 11:00:00,5.9
BIN-034,2026-09-17 12:00:00,7.1
BIN-034,2026-09-17 13:00:00,8.1
BIN-034,2026-09-17 14:00:00,9.1
BIN-034,2026-09-17 15:00:00,10.2
BIN-035,2026-09-14 16:00:00,7.8
BIN-035,2026-09-14 17:00:00,9.8
BIN-035,2026-09-14 18:00:00,11.5
BIN-035,2026-09-14 19:00:00,13.5
BIN-035,2026-09-14 20:00:00,15.1
BIN-035,2026-09-14 21:00:00,16.6
BIN-035,2026-09-14 22:00:00,18.4
BIN-035,2026-09-14 23:00:00,19.9
BIN-035,2026-09-15 00:00:00,21.5
BIN-035,2026-09-15 01:00:00,23.6
BIN-035,2026-09-15 02:00:00,25.6
BIN-035,2026-09-15 03:00:00,27.2
BIN-035,2026-09-15 04:00:00,29.0
BIN-035,2026-09-15 05:00:00,30.9
BIN-035,2026-09-15 06:00:00,32.5
BIN-035,2026-09-15 07:00:00,33.9
BIN-035,2026-09-15 08:00:00,35.4
BIN-035,2026-09-15 09:00:00,37.5
BIN-035,2026-09-15 10:00:00,39.8
BIN-035,2026-09-15 11:00:00,41.7
BIN-035,2026-09-15 12:00:00,43.2
BIN-035,2026-09-15 13:00:00,45.1
BIN-035,2026-09-15 14:00:00,47.0
BIN-035,2026-09-15 15:00:00,49.0
BIN-035,2026-09-15 16:00:00,51.3
BIN-035,2026-09-15 17:00:00,53.4
BIN-035,2026-09-15 18:00:00,55.5
BIN-035,2026-09-15 19:00:00,57.2
BIN-035,2026-09-15 20:00:00,58.9
BIN-035,2026-09-15 21:00:00,60.7
BIN-035,2026-09-15 22:00:00,62.8
BIN-035,2026-09-15 23:00:00,64.6
BIN-035,2026-09-16 00:00:00,66.6
BIN-035,2026-09-16 01:00:00,68.7
BIN-035,2026-09-16 02:00:00,70.7
BIN-035,2026-09-16 03:00:00,73.0
BIN-035,2026-09-16 04:00:00,74.8
BIN-035,2026-09-16 05:00:00,76.8
BIN-035,2026-09-16 06:00:00,78.4
BIN-035,2026-09-16 07:00:00,80.2
BIN-035,2026-09-16 08:00:00,82.3
BIN-035,2026-09-16 09:00:00,84.6
BIN-035,2026-09-16 10:00:00,86.5
BIN-035,2026-09-16 11:00:00,88.7
BIN-035,2026-09-16 12:00:00,91.0
BIN-035,2026-09-16 13:00:00,7.2
BIN-035,2026-09-16 14:00:00,9.5
BIN-035,2026-09-16 15:00:00,11.2
BIN-035,2026-09-16 16:00:00,13.3
BIN-035,2026-09-16 17:00:00,14.6
BIN-035,2026-09-16 18:00:00,15.9
BIN-035,2026-09-16 19:00:00,17.4
BIN-035,2026-09-16 20:00:00,19.3
BIN-035,2026-09-16 21:00:00,21.3
BIN-035,2026-09-16 22:00:00,22.6
BIN-035,2026-09-16 23:00:00,24.4
BIN-035,2026-09-17 00:00:00,26.2
BIN-035,2026-09-17 01:00:00,27.7
BIN-035,2026-09-17 02:00:00,29.4
BIN-035,2026-09-17 03:00:00,31.5
BIN-035,2026-09-17 04:00:00,33.3
BIN-035,2026-09-17 05:00:00,35.4
BIN-035,2026-09-17 06:00:00,37.4
BIN-035,2026-09-17 07:00:00,39.4
BIN-035,2026-09-17 08:00:00,41.2
BIN-035,2026-09-17 09:00:00,43.1
BIN-035,2026-09-17 10:00:00,44.7
BIN-035,2026-09-17 11:00:00,46.8
BIN-035,2026-09-17 12:00:00,49.1
BIN-035,2026-09-17 13:00:00,50.6
BIN-035,2026-09-17 14:00:00,52.1
BIN-035,2026-09-17 15:00:00,54.0
